timestamp,cooling_load_tons,chilled_water_supply_temp_c,chilled_water_return_temp_c,chilled_water_flow_rate_gpm,outdoor_ambient_temp_c,outdoor_humidity_pct,condenser_water_temp_c,condenser_pressure_kpa,power_consumption_kw,operational_fault_flag,fault_description
2026-03-01 00:00:00,302.0,6.41,11.94,696.8,15.0,85.5,31.7,1005.1,159.05,0,Normal
2026-03-01 00:15:00,324.4,6.45,11.88,762.8,15.0,83.2,31.5,1013.9,199.16,0,Normal
2026-03-01 00:30:00,306.3,7.42,12.48,711.6,15.0,85.3,32.2,1022.2,179.46,0,Normal
2026-03-01 00:45:00,313.2,6.7,11.95,738.0,15.9,86.8,31.4,993.5,178.73,0,Normal
2026-03-01 01:00:00,361.8,6.97,12.43,863.1,15.0,84.5,30.1,987.8,211.91,0,Normal
2026-03-01 01:15:00,353.5,6.42,11.53,869.4,15.0,84.1,31.6,964.0,218.66,0,Normal
2026-03-01 01:30:00,287.5,6.43,11.62,682.0,16.5,80.7,32.1,1041.2,146.73,0,Normal
2026-03-01 01:45:00,340.7,7.08,12.72,778.1,15.5,80.3,32.6,995.4,203.47,0,Normal
2026-03-01 02:00:00,340.3,6.23,12.07,845.2,15.0,76.7,29.9,952.8,182.88,0,Normal
2026-03-01 02:15:00,291.3,6.55,11.83,678.2,15.7,88.6,33.1,1031.0,177.5,0,Normal
2026-03-01 02:30:00,340.5,6.71,12.38,815.7,15.0,75.9,32.7,1021.2,202.25,0,Normal
2026-03-01 02:45:00,358.4,6.74,11.78,871.4,15.0,77.3,30.6,993.6,210.5,0,Normal
2026-03-01 03:00:00,291.9,6.64,12.19,705.6,16.4,76.3,30.4,958.3,163.06,0,Normal
2026-03-01 03:15:00,297.1,6.84,12.03,740.3,15.0,81.8,31.0,989.7,155.85,0,Normal
2026-03-01 03:30:00,345.4,6.94,12.51,841.0,15.0,76.0,30.8,974.4,194.38,0,Normal
2026-03-01 03:45:00,326.8,6.96,12.35,762.8,16.4,81.1,32.3,1019.6,194.66,0,Normal
2026-03-01 04:00:00,333.8,6.35,12.15,855.6,16.2,72.3,30.6,977.3,200.46,0,Normal
2026-03-01 04:15:00,328.5,6.6,11.84,793.3,18.7,75.0,33.7,1045.1,187.74,0,Normal
2026-03-01 04:30:00,329.8,7.12,12.73,787.8,17.4,69.3,30.5,967.0,195.7,0,Normal
2026-03-01 04:45:00,286.8,7.01,12.32,712.5,17.1,80.0,30.7,973.0,158.76,0,Normal
2026-03-01 05:00:00,346.2,6.22,19.97,357.5,22.0,65.4,34.0,1055.7,212.79,1,flow_choke
2026-03-01 05:15:00,349.2,6.82,12.28,848.2,20.0,70.1,30.8,996.2,196.3,0,Normal
2026-03-01 05:30:00,314.3,6.01,11.22,816.5,21.0,70.1,32.9,1018.3,189.56,0,Normal
2026-03-01 05:45:00,318.9,6.72,12.15,758.5,19.3,68.0,34.6,1051.3,200.77,0,Normal
2026-03-01 06:00:00,281.7,7.36,12.71,668.2,21.2,64.3,32.7,1031.5,155.0,0,Normal
2026-03-01 06:15:00,349.9,6.37,11.93,842.6,22.7,63.2,32.4,1015.7,201.37,0,Normal
2026-03-01 06:30:00,368.2,6.41,11.97,910.6,21.4,62.6,32.6,1033.0,219.65,0,Normal
2026-03-01 06:45:00,369.2,6.97,12.71,848.3,24.2,60.5,33.7,1031.0,239.69,0,Normal
2026-03-01 07:00:00,415.4,6.16,12.02,947.8,23.3,63.7,33.7,1018.0,244.06,0,Normal
2026-03-01 07:15:00,395.2,6.48,11.81,933.9,24.3,67.4,34.9,1061.4,257.88,0,Normal
2026-03-01 07:30:00,433.6,6.91,12.79,999.8,24.4,55.1,32.5,1008.0,270.93,0,Normal
2026-03-01 07:45:00,409.5,6.48,11.8,972.2,28.5,50.7,36.0,1092.8,253.5,0,Normal
2026-03-01 08:00:00,449.4,6.62,12.46,1091.1,26.2,54.6,34.4,1049.4,269.92,0,Normal
2026-03-01 08:15:00,460.1,6.96,12.84,1081.9,25.1,64.2,35.0,1084.2,274.47,0,Normal
2026-03-01 08:30:00,483.9,6.85,12.14,1125.7,28.4,49.6,34.3,1052.1,291.21,0,Normal
2026-03-01 08:45:00,482.2,6.79,12.58,1159.0,25.8,58.4,35.3,1081.1,283.98,0,Normal
2026-03-01 09:00:00,500.6,6.58,12.27,1222.9,28.3,57.6,35.1,1078.0,306.13,0,Normal
2026-03-01 09:15:00,536.1,6.83,12.51,1244.3,25.5,47.7,33.5,1043.1,331.86,0,Normal
2026-03-01 09:30:00,515.4,6.66,12.83,1257.4,26.8,51.4,33.4,1037.8,302.96,0,Normal
2026-03-01 09:45:00,496.0,6.86,12.49,1210.9,29.4,54.9,34.8,1076.0,299.43,0,Normal
2026-03-01 10:00:00,588.9,6.53,12.3,1437.2,30.5,46.2,36.0,1081.1,351.6,0,Normal
2026-03-01 10:15:00,587.7,6.64,12.63,1441.0,29.9,46.2,34.8,1089.0,361.1,0,Normal
2026-03-01 10:30:00,527.9,6.35,12.38,1322.0,29.7,44.2,34.2,1051.9,322.43,0,Normal
2026-03-01 10:45:00,583.4,6.69,19.66,1391.4,29.6,42.0,34.2,1034.9,352.65,1,sensor_drift
2026-03-01 11:00:00,558.6,6.42,12.62,1343.3,28.0,43.1,34.6,1066.8,338.76,0,Normal
2026-03-01 11:15:00,581.6,6.31,12.41,1385.4,29.3,40.5,33.9,1036.1,349.25,0,Normal
2026-03-01 11:30:00,585.1,6.79,12.22,1404.4,29.7,45.3,34.9,1080.6,360.38,0,Normal
2026-03-01 11:45:00,573.6,6.77,12.59,1414.9,32.1,42.0,35.8,1122.8,353.51,0,Normal
2026-03-01 12:00:00,560.4,6.97,12.75,1311.3,31.0,45.9,34.1,1041.3,339.07,0,Normal
2026-03-01 12:15:00,562.2,6.55,12.59,1327.7,27.8,38.8,32.5,1022.8,333.52,0,Normal
2026-03-01 12:30:00,554.9,6.84,12.1,1366.1,30.9,46.5,35.9,1065.5,351.33,0,Normal
2026-03-01 12:45:00,554.2,6.89,13.44,1355.6,29.8,48.7,34.7,1072.8,341.46,0,Normal
2026-03-01 13:00:00,569.5,6.86,12.93,1357.6,29.2,37.7,35.0,1059.2,348.47,0,Normal
2026-03-01 13:15:00,548.3,6.41,12.34,1337.3,31.0,47.6,36.0,1084.6,526.26,1,power_surge
2026-03-01 13:30:00,577.3,6.75,13.0,1394.0,31.4,51.4,36.0,1077.5,360.46,0,Normal
2026-03-01 13:45:00,590.4,6.83,13.39,1454.4,31.0,42.2,36.0,1105.0,375.27,0,Normal
2026-03-01 14:00:00,530.7,6.7,12.78,1275.5,28.1,54.4,34.9,1086.1,328.52,0,Normal
2026-03-01 14:15:00,542.2,5.97,12.09,1326.8,28.6,50.0,35.4,1081.3,321.47,0,Normal
2026-03-01 14:30:00,538.8,6.76,12.67,1359.1,29.2,46.3,34.4,1046.5,336.36,0,Normal
2026-03-01 14:45:00,527.3,7.47,13.29,1280.4,29.9,49.7,36.0,1117.8,324.02,0,Normal
2026-03-01 15:00:00,505.7,6.57,12.27,1215.0,27.3,53.1,36.0,1082.7,313.21,0,Normal
2026-03-01 15:15:00,510.0,6.45,12.06,1242.1,27.3,52.1,34.5,1028.8,312.46,0,Normal
2026-03-01 15:30:00,490.3,6.83,12.44,1167.7,25.5,55.0,34.2,1061.9,292.69,0,Normal
2026-03-01 15:45:00,433.5,6.81,12.14,1100.1,24.9,50.2,34.3,1041.3,263.59,0,Normal
2026-03-01 16:00:00,471.7,7.12,12.84,1136.7,27.5,55.7,34.7,1080.8,280.39,0,Normal
2026-03-01 16:15:00,457.2,6.26,11.55,1090.4,27.8,50.5,34.0,1045.8,287.23,0,Normal
2026-03-01 16:30:00,400.4,6.96,12.6,940.1,25.1,56.9,34.6,1072.2,241.22,0,Normal
2026-03-01 16:45:00,404.5,6.91,12.51,998.3,26.2,55.0,34.3,1077.7,240.69,0,Normal
2026-03-01 17:00:00,404.4,6.65,12.3,992.2,24.7,56.9,33.8,1029.2,235.65,0,Normal
2026-03-01 17:15:00,365.5,6.82,12.22,864.7,22.7,66.0,39.6,1266.7,330.96,1,condenser_fouling
2026-03-01 17:30:00,380.8,7.06,13.39,928.2,23.7,66.8,32.6,1020.0,225.07,0,Normal
2026-03-01 17:45:00,396.1,7.01,12.94,912.9,24.9,66.1,34.7,1088.4,242.8,0,Normal
2026-03-01 18:00:00,300.4,6.3,11.39,725.5,21.9,60.6,33.5,1029.3,172.23,0,Normal
2026-03-01 18:15:00,285.5,6.99,12.42,696.5,23.8,65.0,33.7,1036.2,157.71,0,Normal
2026-03-01 18:30:00,327.6,6.68,11.98,828.9,17.0,72.5,32.6,1027.6,198.34,0,Normal
2026-03-01 18:45:00,338.0,6.73,11.95,792.0,21.6,69.5,32.7,1014.5,211.59,0,Normal
2026-03-01 19:00:00,314.2,6.73,11.82,722.2,19.9,79.5,32.5,1020.6,176.85,0,Normal
2026-03-01 19:15:00,356.3,6.65,12.27,832.8,18.8,73.0,32.3,990.2,222.12,0,Normal
2026-03-01 19:30:00,286.5,7.12,12.32,654.3,18.9,73.4,32.3,1047.8,169.64,0,Normal
2026-03-01 19:45:00,337.3,6.67,12.39,843.0,15.3,72.6,31.3,972.5,195.35,0,Normal
2026-03-01 20:00:00,304.9,6.31,11.97,770.4,17.4,75.5,31.3,987.3,174.28,0,Normal
2026-03-01 20:15:00,363.0,6.56,12.43,879.2,17.8,75.5,33.2,1032.3,205.26,0,Normal
2026-03-01 20:30:00,369.8,6.76,12.09,918.1,19.0,80.0,34.5,1091.4,232.06,0,Normal
2026-03-01 20:45:00,300.8,7.13,12.65,725.3,15.6,82.0,38.2,1221.8,301.83,1,condenser_fouling
2026-03-01 21:00:00,306.3,6.91,12.48,732.6,15.0,76.0,31.8,1034.1,171.95,0,Normal
2026-03-01 21:15:00,341.5,6.4,11.77,811.2,15.0,74.7,29.9,973.8,202.44,0,Normal
2026-03-01 21:30:00,310.3,7.57,12.8,737.0,16.6,73.5,32.2,1019.1,164.79,0,Normal
2026-03-01 21:45:00,318.9,6.79,12.63,726.6,15.4,83.7,32.5,1003.4,175.39,0,Normal
2026-03-01 22:00:00,320.6,7.15,12.64,776.1,15.0,77.9,31.7,1009.5,185.34,0,Normal
2026-03-01 22:15:00,272.0,6.65,12.15,651.8,15.1,74.3,30.7,970.3,158.72,0,Normal
2026-03-01 22:30:00,319.7,6.89,12.12,785.8,15.0,85.0,29.2,966.6,182.75,0,Normal
2026-03-01 22:45:00,302.8,6.99,12.09,729.0,15.4,93.9,31.9,992.0,305.64,1,power_surge
2026-03-01 23:00:00,307.7,7.13,12.4,734.3,15.0,84.3,31.0,984.6,356.48,1,power_surge
2026-03-01 23:15:00,356.1,7.07,12.55,832.8,15.0,88.0,31.0,830.2,307.75,1,refrigerant_leak
2026-03-01 23:30:00,288.6,7.01,12.12,694.4,15.0,85.2,31.7,985.9,165.41,0,Normal
2026-03-01 23:45:00,340.3,6.59,12.07,835.2,15.0,84.6,31.2,1001.5,190.68,0,Normal
2026-03-02 00:00:00,313.0,6.5,11.5,722.7,15.0,88.7,31.2,998.5,182.49,0,Normal
2026-03-02 00:15:00,313.0,6.82,11.96,753.4,15.0,83.8,30.6,996.2,184.03,0,Normal
2026-03-02 00:30:00,339.8,7.03,12.67,821.2,15.0,85.9,31.0,960.9,204.72,0,Normal
2026-03-02 00:45:00,328.5,6.62,12.23,770.5,15.0,85.9,32.5,1035.1,181.94,0,Normal
2026-03-02 01:00:00,334.3,7.07,12.44,787.5,15.0,81.6,30.8,1018.8,188.99,0,Normal
2026-03-02 01:15:00,344.2,7.21,12.44,831.9,15.0,87.9,31.4,987.7,201.62,0,Normal
2026-03-02 01:30:00,311.7,6.38,11.55,719.8,15.0,82.8,31.0,1015.1,185.29,0,Normal
2026-03-02 01:45:00,304.7,6.41,11.72,740.0,15.0,79.9,31.4,991.5,177.56,0,Normal
2026-03-02 02:00:00,292.9,6.65,12.2,680.5,15.0,84.5,31.9,984.7,175.49,0,Normal
2026-03-02 02:15:00,299.4,6.81,12.44,745.0,15.5,78.0,28.8,934.6,160.25,0,Normal
2026-03-02 02:30:00,393.7,6.52,11.98,1003.4,18.1,81.0,33.4,1054.6,248.23,0,Normal
2026-03-02 02:45:00,351.1,7.17,12.39,821.2,15.9,80.0,32.7,1010.3,214.01,0,Normal
2026-03-02 03:00:00,286.2,6.85,12.29,700.3,16.4,83.5,31.2,982.0,154.41,0,Normal
2026-03-02 03:15:00,286.9,6.71,11.88,670.5,16.3,80.1,31.0,994.5,156.69,0,Normal
2026-03-02 03:30:00,332.0,6.2,11.53,822.9,15.0,77.1,30.6,977.0,183.23,0,Normal
2026-03-02 03:45:00,333.7,6.24,12.04,769.2,17.2,79.4,31.5,1006.1,200.54,0,Normal
2026-03-02 04:00:00,333.7,6.8,12.47,812.9,17.8,80.6,32.7,1025.6,186.54,0,Normal
2026-03-02 04:15:00,313.6,5.95,11.42,730.9,21.9,76.1,32.4,1023.8,183.89,0,Normal
2026-03-02 04:30:00,316.9,7.05,12.17,755.3,18.5,72.7,31.2,984.9,185.98,0,Normal
2026-03-02 04:45:00,328.2,6.64,12.15,761.9,19.7,66.2,33.4,1041.6,195.54,0,Normal
2026-03-02 05:00:00,322.1,7.84,13.55,793.7,19.7,65.9,37.9,1208.7,301.77,1,condenser_fouling
2026-03-02 05:15:00,264.5,7.51,12.74,613.9,18.6,67.7,32.8,1044.0,273.63,1,power_surge
2026-03-02 05:30:00,314.3,6.64,12.4,768.0,22.6,65.2,33.7,1034.4,193.24,0,Normal
2026-03-02 05:45:00,298.7,6.66,12.38,708.3,22.6,65.6,32.0,1024.0,169.84,0,Normal
2026-03-02 06:00:00,324.4,7.05,12.91,775.7,23.2,65.2,34.2,1050.9,192.18,0,Normal
2026-03-02 06:15:00,411.6,7.3,13.0,991.6,21.2,65.8,32.7,1026.2,243.12,0,Normal
2026-03-02 06:30:00,363.1,6.13,11.8,852.5,25.2,62.1,34.0,1042.5,221.06,0,Normal
2026-03-02 06:45:00,362.9,6.07,11.95,876.2,21.6,63.0,32.9,1013.0,217.32,0,Normal
2026-03-02 07:00:00,410.3,6.48,12.21,1023.1,25.1,60.1,34.5,1035.0,243.45,0,Normal
2026-03-02 07:15:00,415.6,6.9,12.41,978.1,28.0,50.7,35.2,1061.6,251.46,0,Normal
2026-03-02 07:30:00,430.0,6.87,12.42,1061.3,23.8,53.6,33.9,1044.5,257.99,0,Normal
2026-03-02 07:45:00,450.2,7.07,12.83,1117.9,24.9,55.6,34.0,1053.8,258.52,0,Normal
2026-03-02 08:00:00,501.4,6.28,11.76,1183.0,26.4,50.2,32.8,1040.2,294.82,0,Normal
2026-03-02 08:15:00,436.2,5.89,11.53,1010.4,26.0,56.3,33.8,1040.2,268.0,0,Normal
2026-03-02 08:30:00,490.1,7.0,13.05,1183.8,24.8,58.9,36.0,1080.8,291.94,0,Normal
2026-03-02 08:45:00,468.3,6.41,18.82,603.1,27.7,56.7,35.6,1063.4,298.63,1,flow_choke
2026-03-02 09:00:00,517.7,5.99,12.21,1289.3,26.4,50.0,35.8,1096.5,332.82,0,Normal
2026-03-02 09:15:00,492.5,6.75,12.82,1182.9,29.1,55.9,36.0,1114.7,294.72,0,Normal
2026-03-02 09:30:00,515.8,6.98,12.69,1218.0,27.4,49.7,34.5,1080.4,322.33,0,Normal
2026-03-02 09:45:00,528.8,6.66,12.65,1240.5,31.4,47.0,36.0,1104.6,326.4,0,Normal
2026-03-02 10:00:00,569.6,6.54,12.48,1394.2,28.2,45.2,34.3,1066.4,348.35,0,Normal
2026-03-02 10:15:00,576.1,6.64,12.9,1368.5,29.1,45.9,33.4,1063.4,340.19,0,Normal
2026-03-02 10:30:00,529.1,6.57,12.67,1270.9,31.1,45.0,35.6,1090.3,333.66,0,Normal
2026-03-02 10:45:00,567.6,6.23,11.81,1386.1,28.2,46.7,35.4,1090.8,353.98,0,Normal
2026-03-02 11:00:00,553.4,6.45,12.5,1316.1,30.6,46.3,35.0,1067.1,332.42,0,Normal
2026-03-02 11:15:00,543.5,6.88,12.72,1303.4,32.3,45.4,36.0,1073.6,493.47,1,power_surge
2026-03-02 11:30:00,572.4,6.81,12.78,1373.2,28.0,46.9,35.0,1063.1,337.42,0,Normal
2026-03-02 11:45:00,571.7,6.76,12.52,1389.2,30.8,49.8,35.1,1074.5,350.77,0,Normal
2026-03-02 12:00:00,640.7,6.35,12.87,1552.4,30.9,48.8,35.4,1082.9,400.05,0,Normal
2026-03-02 12:15:00,590.3,6.64,12.88,1411.1,31.7,39.1,34.6,1091.9,363.7,0,Normal
2026-03-02 12:30:00,543.3,5.94,11.64,1305.6,28.6,35.0,33.0,1030.6,325.05,0,Normal
2026-03-02 12:45:00,560.9,6.76,12.35,1336.8,28.4,49.1,33.7,1061.4,326.51,0,Normal
2026-03-02 13:00:00,596.7,7.2,13.1,1395.1,31.0,40.2,34.4,1054.0,353.49,0,Normal
2026-03-02 13:15:00,618.4,6.18,12.33,1490.6,30.5,45.2,36.0,1089.3,394.76,0,Normal
2026-03-02 13:30:00,520.6,6.49,12.4,1296.6,30.2,41.8,34.2,1035.7,311.4,0,Normal
2026-03-02 13:45:00,506.2,6.82,12.94,1192.8,30.1,39.9,34.9,1058.2,309.08,0,Normal
2026-03-02 14:00:00,591.9,7.14,13.32,1401.3,28.3,49.8,34.3,1066.2,347.27,0,Normal
2026-03-02 14:15:00,545.9,6.54,12.68,1288.4,29.4,51.4,36.0,1094.1,341.37,0,Normal
2026-03-02 14:30:00,504.6,6.46,12.35,1229.1,29.2,46.8,35.9,1106.6,309.42,0,Normal
2026-03-02 14:45:00,528.8,6.01,11.52,1280.4,27.3,39.6,34.2,1057.0,330.55,0,Normal
2026-03-02 15:00:00,438.0,6.74,12.36,1047.1,30.8,48.7,36.0,1088.7,277.17,0,Normal
2026-03-02 15:15:00,491.5,7.41,13.46,1156.7,28.3,53.4,34.8,1101.0,292.42,0,Normal
2026-03-02 15:30:00,486.5,6.8,12.56,1169.8,25.4,46.9,32.2,1011.4,284.12,0,Normal
2026-03-02 15:45:00,487.6,6.69,12.59,1131.0,27.7,54.6,36.0,1111.4,297.44,0,Normal
2026-03-02 16:00:00,424.7,6.81,12.38,1022.8,24.8,54.9,32.9,1022.2,240.08,0,Normal
2026-03-02 16:15:00,437.1,6.7,12.11,1070.9,26.9,58.5,35.3,1090.3,261.28,0,Normal
2026-03-02 16:30:00,396.4,6.42,11.98,920.0,27.0,57.8,35.6,1099.7,246.63,0,Normal
2026-03-02 16:45:00,410.0,6.99,12.69,945.6,23.5,54.7,32.5,1022.0,243.21,0,Normal
2026-03-02 17:00:00,364.9,6.78,12.14,915.3,25.6,64.6,35.5,1048.8,225.41,0,Normal
2026-03-02 17:15:00,360.5,6.71,12.17,850.0,24.3,60.5,34.4,1059.3,215.76,0,Normal
2026-03-02 17:30:00,329.0,6.36,11.58,818.1,24.3,62.3,35.3,1097.8,210.21,0,Normal
2026-03-02 17:45:00,353.3,7.16,12.94,844.0,25.4,60.0,33.9,1055.7,211.39,0,Normal
2026-03-02 18:00:00,341.5,6.93,19.29,815.5,21.6,63.2,31.8,1009.6,204.04,1,sensor_drift
2026-03-02 18:15:00,314.1,6.51,12.3,764.9,20.3,62.8,31.8,977.0,169.47,0,Normal
2026-03-02 18:30:00,321.0,7.05,12.87,748.2,19.6,66.9,32.3,1004.1,156.31,0,Normal
2026-03-02 18:45:00,283.8,6.53,11.87,684.4,19.1,75.7,32.7,830.3,325.95,1,refrigerant_leak
2026-03-02 19:00:00,312.5,6.43,11.6,740.5,19.7,64.7,31.7,1008.1,171.41,0,Normal
2026-03-02 19:15:00,318.7,6.43,11.35,732.0,19.8,65.0,30.6,995.5,181.63,0,Normal
2026-03-02 19:30:00,385.5,6.08,11.28,933.7,19.2,78.5,33.3,1033.4,229.37,0,Normal
2026-03-02 19:45:00,292.2,6.87,11.91,694.7,19.5,73.0,34.2,1061.1,188.67,0,Normal
2026-03-02 20:00:00,356.6,6.06,11.92,851.9,17.8,72.3,32.2,1011.5,214.24,0,Normal
2026-03-02 20:15:00,344.9,6.27,11.79,797.6,19.5,80.3,33.7,1029.0,209.27,0,Normal
2026-03-02 20:30:00,327.0,5.97,11.52,824.6,16.4,74.8,31.8,970.5,199.57,0,Normal
2026-03-02 20:45:00,364.0,6.67,11.64,895.4,20.5,85.5,34.4,1065.4,223.31,0,Normal
2026-03-02 21:00:00,329.3,6.65,11.81,814.4,16.9,81.9,32.9,1030.2,191.7,0,Normal
2026-03-02 21:15:00,329.7,6.59,12.27,783.7,15.0,78.1,31.3,984.0,199.88,0,Normal
2026-03-02 21:30:00,318.7,6.34,11.84,721.6,15.0,89.5,31.7,976.4,177.63,0,Normal
2026-03-02 21:45:00,350.6,6.29,11.75,890.2,15.7,79.2,30.7,990.5,205.18,0,Normal
2026-03-02 22:00:00,347.4,6.86,12.5,832.3,15.0,85.3,31.4,990.6,188.54,0,Normal
2026-03-02 22:15:00,304.4,6.51,12.32,711.7,15.4,84.1,31.9,1014.9,180.02,0,Normal
2026-03-02 22:30:00,287.0,6.81,12.13,699.3,15.0,88.7,31.6,1027.2,168.2,0,Normal
2026-03-02 22:45:00,314.9,6.39,11.84,785.0,15.0,90.2,32.2,980.5,199.07,0,Normal
2026-03-02 23:00:00,300.0,6.76,12.21,719.4,15.0,84.4,31.9,994.4,162.47,0,Normal
2026-03-02 23:15:00,318.4,7.16,13.19,796.2,15.0,81.6,31.9,1003.7,180.1,0,Normal
2026-03-02 23:30:00,350.9,6.91,11.88,869.3,15.0,86.7,32.7,1045.1,213.4,0,Normal
2026-03-02 23:45:00,308.6,6.56,12.14,713.7,15.0,82.2,31.4,970.4,181.99,0,Normal
2026-03-03 00:00:00,318.9,6.79,12.2,748.6,15.0,93.1,31.1,1018.7,185.48,0,Normal
2026-03-03 00:15:00,321.5,6.62,12.2,795.4,15.0,85.5,37.0,1239.7,281.25,1,condenser_fouling
2026-03-03 00:30:00,341.2,6.7,12.02,751.1,15.0,83.4,31.5,994.8,193.31,0,Normal
2026-03-03 00:45:00,263.8,6.59,11.9,629.5,15.0,85.4,30.1,964.4,160.33,0,Normal
2026-03-03 01:00:00,304.8,6.64,12.23,695.8,15.0,78.9,32.2,1005.2,178.53,0,Normal
2026-03-03 01:15:00,325.3,6.77,13.0,768.8,15.0,80.1,31.3,1008.0,191.08,0,Normal
2026-03-03 01:30:00,350.0,6.35,12.05,832.5,15.0,88.3,32.1,994.5,205.23,0,Normal
2026-03-03 01:45:00,307.7,6.34,11.55,729.5,15.0,80.3,32.3,1018.9,172.19,0,Normal
2026-03-03 02:00:00,273.1,6.21,11.45,641.6,15.2,78.1,30.6,971.6,165.06,0,Normal
2026-03-03 02:15:00,335.5,6.14,11.5,777.8,15.8,83.8,32.3,1002.1,202.64,0,Normal
2026-03-03 02:30:00,304.1,6.27,11.23,787.2,16.9,85.6,32.4,1054.5,198.39,0,Normal
2026-03-03 02:45:00,290.3,6.76,12.05,743.3,17.2,82.9,32.2,1019.0,162.1,0,Normal
2026-03-03 03:00:00,304.4,6.39,11.98,701.5,15.0,83.1,30.8,991.0,182.32,0,Normal
2026-03-03 03:15:00,315.4,6.88,11.99,796.5,15.0,75.2,32.1,1027.1,173.8,0,Normal
2026-03-03 03:30:00,304.9,6.71,12.38,721.7,17.6,71.5,31.3,972.4,177.88,0,Normal
2026-03-03 03:45:00,264.9,6.01,11.46,638.9,18.0,82.1,33.3,1061.2,167.14,0,Normal
2026-03-03 04:00:00,342.4,6.93,12.23,820.2,18.5,73.7,30.7,943.1,179.4,0,Normal
2026-03-03 04:15:00,351.9,6.98,12.45,828.0,24.0,72.8,35.6,1073.4,214.08,0,Normal
2026-03-03 04:30:00,336.3,6.35,12.22,831.7,19.6,78.0,33.9,1042.0,198.67,0,Normal
2026-03-03 04:45:00,291.6,6.85,12.41,702.9,21.0,73.7,33.4,1047.0,168.08,0,Normal
2026-03-03 05:00:00,315.0,6.4,11.83,744.0,21.2,72.0,33.1,1035.6,191.18,0,Normal
2026-03-03 05:15:00,319.8,6.73,12.11,735.0,21.3,77.6,34.1,1051.0,201.75,0,Normal
2026-03-03 05:30:00,335.0,6.26,11.75,781.6,20.4,65.0,34.2,1055.6,202.49,0,Normal
2026-03-03 05:45:00,336.7,6.07,11.42,767.1,22.6,70.0,32.4,1000.9,201.44,0,Normal
2026-03-03 06:00:00,301.6,6.57,11.44,724.3,20.8,65.2,40.5,1253.9,326.48,1,condenser_fouling
2026-03-03 06:15:00,339.1,6.66,12.65,783.8,22.2,64.8,32.4,1028.4,199.78,0,Normal
2026-03-03 06:30:00,365.4,6.56,12.13,870.2,22.4,68.5,33.5,1051.4,210.25,0,Normal
2026-03-03 06:45:00,407.1,6.29,12.0,1011.3,23.8,63.1,33.6,1065.2,253.86,0,Normal
2026-03-03 07:00:00,404.9,6.56,12.16,1001.8,27.7,62.0,35.1,1062.1,250.29,0,Normal
2026-03-03 07:15:00,423.3,6.79,12.26,1015.1,21.9,62.9,32.9,1037.5,253.67,0,Normal
2026-03-03 07:30:00,421.6,6.68,12.28,1009.6,26.3,55.9,33.4,1033.6,245.24,0,Normal
2026-03-03 07:45:00,470.3,6.76,12.1,1175.6,23.3,52.8,33.6,1059.2,277.39,0,Normal
2026-03-03 08:00:00,460.2,6.47,12.76,1117.6,25.5,50.8,32.1,1026.0,269.26,0,Normal
2026-03-03 08:15:00,442.9,7.11,12.49,1054.8,28.4,46.0,34.9,1073.0,256.13,0,Normal
2026-03-03 08:30:00,513.4,6.29,11.86,1196.4,27.3,61.0,34.9,1065.1,301.27,0,Normal
2026-03-03 08:45:00,508.9,6.87,12.58,1231.2,26.0,47.4,32.5,1034.2,294.55,0,Normal
2026-03-03 09:00:00,492.8,7.11,13.22,1203.4,26.9,50.0,34.3,1066.8,300.3,0,Normal
2026-03-03 09:15:00,503.5,6.87,12.68,1192.6,29.4,48.9,33.9,1038.5,296.74,0,Normal
2026-03-03 09:30:00,533.7,6.63,12.19,1288.1,27.6,50.4,34.5,1041.9,315.76,0,Normal
2026-03-03 09:45:00,547.8,6.52,12.72,1305.5,29.4,51.6,34.2,1051.4,325.14,0,Normal
2026-03-03 10:00:00,550.1,7.06,13.15,1315.6,29.4,51.1,35.7,1110.3,333.81,0,Normal
2026-03-03 10:15:00,561.0,6.2,12.26,1284.1,28.6,44.7,33.7,1062.4,335.99,0,Normal
2026-03-03 10:30:00,602.7,6.36,12.54,1441.0,33.1,45.9,36.0,1077.3,392.17,0,Normal
2026-03-03 10:45:00,593.0,6.56,13.15,1447.4,31.0,47.2,36.0,1075.6,376.03,0,Normal
2026-03-03 11:00:00,575.9,7.13,13.63,1366.4,27.2,44.7,33.2,1052.6,348.81,0,Normal
2026-03-03 11:15:00,598.5,6.83,12.66,1437.8,30.6,51.8,35.9,1074.3,378.57,0,Normal
2026-03-03 11:30:00,552.0,6.36,12.67,1305.8,29.4,47.1,33.8,1054.5,324.99,0,Normal
2026-03-03 11:45:00,589.4,6.59,12.67,1423.6,31.8,48.0,36.0,1084.8,355.63,0,Normal
2026-03-03 12:00:00,625.2,6.48,12.66,1495.1,29.3,47.7,36.0,1118.3,379.34,0,Normal
2026-03-03 12:15:00,574.0,6.45,11.98,1354.1,30.3,49.7,36.0,1082.4,367.22,0,Normal
2026-03-03 12:30:00,556.6,7.04,12.91,1369.1,31.2,45.9,35.8,1106.4,337.5,0,Normal
2026-03-03 12:45:00,558.7,6.22,11.93,1364.1,31.6,40.2,36.0,1096.8,338.13,0,Normal
2026-03-03 13:00:00,543.9,7.26,13.36,1290.2,28.4,47.3,33.1,1036.3,317.44,0,Normal
2026-03-03 13:15:00,546.6,6.99,13.15,1324.2,29.5,43.5,36.0,1063.9,334.99,0,Normal
2026-03-03 13:30:00,550.9,7.08,12.47,1335.7,29.1,44.4,35.3,1045.6,338.08,0,Normal
2026-03-03 13:45:00,518.0,6.54,12.37,1259.4,28.6,49.4,34.5,1057.5,316.62,0,Normal
2026-03-03 14:00:00,545.6,6.65,12.82,1267.0,32.0,52.6,36.0,1097.7,331.35,0,Normal
2026-03-03 14:15:00,558.7,6.2,12.07,1366.1,29.7,48.5,35.0,1056.2,349.13,0,Normal
2026-03-03 14:30:00,503.6,6.52,12.51,1194.3,26.9,50.4,33.7,1029.2,297.77,0,Normal
2026-03-03 14:45:00,553.5,6.87,12.87,1319.4,29.8,56.8,36.0,1102.4,340.56,0,Normal
2026-03-03 15:00:00,516.6,7.15,13.07,1305.8,31.2,51.8,35.3,1088.1,320.38,0,Normal
2026-03-03 15:15:00,517.2,6.31,12.08,1248.8,29.2,62.2,36.0,1091.9,316.74,0,Normal
2026-03-03 15:30:00,461.8,6.57,11.99,1098.7,24.9,55.1,32.8,1036.2,269.15,0,Normal
2026-03-03 15:45:00,485.8,6.65,12.14,1110.8,26.0,46.8,32.6,1003.4,291.68,0,Normal
2026-03-03 16:00:00,422.7,6.21,12.03,1049.2,28.2,58.0,34.6,1058.2,251.47,0,Normal
2026-03-03 16:15:00,457.3,6.91,12.63,1063.8,24.7,57.7,34.3,1082.9,272.71,0,Normal
2026-03-03 16:30:00,423.8,6.45,12.06,992.0,25.9,62.5,34.2,1055.7,261.12,0,Normal
2026-03-03 16:45:00,417.4,6.63,12.16,993.5,25.9,61.3,33.5,1041.6,266.11,0,Normal
2026-03-03 17:00:00,357.9,6.54,11.98,894.4,22.8,59.3,32.5,1053.8,216.3,0,Normal
2026-03-03 17:15:00,348.3,6.42,12.18,855.4,23.6,56.2,33.1,1010.2,211.59,0,Normal
2026-03-03 17:30:00,368.9,6.7,12.15,881.3,18.2,61.6,30.2,981.1,214.39,0,Normal
2026-03-03 17:45:00,313.3,6.62,11.72,759.6,21.0,60.3,31.4,1019.2,173.21,0,Normal
2026-03-03 18:00:00,331.6,6.57,12.22,780.8,21.6,62.7,34.4,1055.4,202.14,0,Normal
2026-03-03 18:15:00,285.8,6.45,11.77,689.5,19.6,68.7,31.6,1012.6,166.66,0,Normal
2026-03-03 18:30:00,341.2,6.81,12.3,820.7,23.3,74.3,34.2,1040.3,208.21,0,Normal
2026-03-03 18:45:00,289.2,7.28,13.06,718.3,18.2,70.5,31.5,987.7,167.55,0,Normal
2026-03-03 19:00:00,333.8,6.75,12.21,825.3,19.1,65.4,31.5,1003.2,196.79,0,Normal
2026-03-03 19:15:00,335.6,7.05,12.59,817.9,19.5,73.2,33.1,1043.9,196.05,0,Normal
2026-03-03 19:30:00,302.6,6.21,11.32,717.1,20.9,77.4,34.4,1075.6,184.82,0,Normal
2026-03-03 19:45:00,334.6,6.76,12.17,821.5,16.1,71.4,30.7,1003.7,182.07,0,Normal
2026-03-03 20:00:00,326.5,6.32,11.92,781.3,19.5,74.5,31.7,1001.4,188.81,0,Normal
2026-03-03 20:15:00,306.5,6.18,11.21,708.6,17.3,76.2,32.9,1045.1,194.14,0,Normal
2026-03-03 20:30:00,294.8,6.44,17.64,339.6,15.4,74.0,30.8,976.1,172.55,1,flow_choke
2026-03-03 20:45:00,270.9,7.12,12.48,652.4,17.1,80.8,33.5,1054.6,160.92,0,Normal
2026-03-03 21:00:00,328.7,7.03,12.5,811.7,16.3,78.7,29.8,964.4,200.49,0,Normal
2026-03-03 21:15:00,280.9,6.79,12.41,669.5,15.0,81.7,31.4,1002.7,151.91,0,Normal
2026-03-03 21:30:00,322.4,6.16,11.69,743.5,15.4,77.3,32.6,1028.0,182.94,0,Normal
2026-03-03 21:45:00,313.4,6.63,12.43,753.6,15.0,79.9,30.9,959.4,194.2,0,Normal
2026-03-03 22:00:00,337.0,6.81,12.03,811.6,15.0,85.2,31.4,977.9,195.46,0,Normal
2026-03-03 22:15:00,312.4,6.76,12.22,754.5,15.4,81.4,31.7,1002.4,179.81,0,Normal
2026-03-03 22:30:00,311.8,6.05,11.5,771.2,16.5,90.4,32.2,987.4,175.1,0,Normal
2026-03-03 22:45:00,338.3,6.39,11.6,837.4,15.0,82.3,31.1,1000.9,199.77,0,Normal
2026-03-03 23:00:00,328.4,6.68,12.37,773.2,17.0,85.2,32.2,1025.2,197.07,0,Normal
2026-03-03 23:15:00,327.9,6.89,12.92,771.6,15.0,88.3,31.3,998.2,180.65,0,Normal
2026-03-03 23:30:00,331.7,5.93,11.39,770.2,15.0,79.2,32.1,992.6,195.31,0,Normal
2026-03-03 23:45:00,281.6,6.64,12.13,693.3,15.0,77.9,31.4,1014.8,160.66,0,Normal
2026-03-04 00:00:00,338.9,6.75,12.25,849.6,15.0,78.9,31.3,1022.7,198.06,0,Normal
2026-03-04 00:15:00,335.3,7.0,12.29,796.9,15.0,90.0,32.6,1023.1,188.08,0,Normal
2026-03-04 00:30:00,294.6,6.94,11.88,701.0,15.0,82.6,31.1,997.3,179.62,0,Normal
2026-03-04 00:45:00,313.9,6.9,18.75,422.8,15.0,94.8,31.7,1005.0,189.68,1,flow_choke
2026-03-04 01:00:00,319.0,6.42,11.51,778.3,15.0,82.1,30.8,990.9,181.33,0,Normal
2026-03-04 01:15:00,316.6,6.03,11.89,770.8,15.2,84.7,31.6,998.2,184.31,0,Normal
2026-03-04 01:30:00,328.3,6.56,11.99,758.3,15.0,89.6,31.1,987.6,188.81,0,Normal
2026-03-04 01:45:00,355.8,7.05,12.48,870.9,15.0,91.0,31.6,1013.6,199.74,0,Normal
2026-03-04 02:00:00,347.0,7.19,12.9,809.7,16.0,90.6,32.0,1043.8,198.13,0,Normal
2026-03-04 02:15:00,287.2,6.95,12.04,660.9,15.4,86.5,33.5,1020.2,169.02,0,Normal
2026-03-04 02:30:00,335.6,6.85,12.13,796.7,16.5,85.0,30.0,963.3,203.06,0,Normal
2026-03-04 02:45:00,353.2,6.83,19.16,369.0,16.6,82.4,31.9,988.1,213.52,1,flow_choke
2026-03-04 03:00:00,329.7,6.51,12.22,785.7,15.0,82.3,32.7,1047.2,202.89,0,Normal
2026-03-04 03:15:00,347.3,6.65,12.27,797.4,15.6,76.0,31.2,981.5,203.83,0,Normal
2026-03-04 03:30:00,370.3,7.28,12.89,912.7,17.9,73.9,32.6,999.1,207.73,0,Normal
2026-03-04 03:45:00,345.6,6.37,11.88,857.6,18.2,76.1,32.4,1025.2,203.87,0,Normal
2026-03-04 04:00:00,326.2,7.27,12.82,734.3,17.7,74.3,31.4,1020.9,358.84,1,power_surge
2026-03-04 04:15:00,346.1,6.59,12.13,855.2,18.4,72.0,30.3,797.3,336.56,1,refrigerant_leak
2026-03-04 04:30:00,323.6,7.16,12.35,756.4,20.7,75.4,33.5,844.7,312.12,1,refrigerant_leak
2026-03-04 04:45:00,320.6,6.21,11.66,790.9,18.4,75.3,31.7,1007.1,206.59,0,Normal
2026-03-04 05:00:00,311.2,6.91,12.06,745.2,20.6,70.5,32.3,1035.3,190.77,0,Normal
2026-03-04 05:15:00,359.1,6.44,11.98,862.5,20.0,74.8,32.6,1007.9,224.02,0,Normal
2026-03-04 05:30:00,299.5,6.2,11.48,714.3,20.6,63.0,33.7,1042.7,182.56,0,Normal
2026-03-04 05:45:00,358.3,6.78,12.93,890.2,23.1,65.5,35.6,1077.7,227.98,0,Normal
2026-03-04 06:00:00,332.5,7.05,12.51,767.0,23.2,62.1,33.6,1024.9,192.31,0,Normal
2026-03-04 06:15:00,302.0,6.4,11.46,740.0,23.8,56.2,32.8,1020.8,185.94,0,Normal
2026-03-04 06:30:00,363.1,6.18,11.67,899.0,25.1,62.1,33.3,1052.6,223.33,0,Normal
2026-03-04 06:45:00,318.2,6.67,12.23,781.6,23.7,60.6,33.9,894.3,318.58,1,refrigerant_leak
2026-03-04 07:00:00,402.9,6.67,12.69,1025.2,25.2,65.9,36.0,1103.7,260.07,0,Normal
2026-03-04 07:15:00,425.7,6.89,12.4,1008.5,24.3,61.1,33.6,1044.8,249.88,0,Normal
2026-03-04 07:30:00,404.7,7.03,12.25,995.2,25.7,53.2,31.9,1014.5,233.91,0,Normal
2026-03-04 07:45:00,438.1,6.68,12.56,1048.7,25.6,63.6,35.1,1063.2,268.78,0,Normal
2026-03-04 08:00:00,498.9,7.35,20.56,456.9,26.4,59.9,35.5,1077.7,295.52,1,flow_choke
2026-03-04 08:15:00,451.8,6.78,12.37,1084.1,27.6,56.2,33.7,1046.5,272.2,0,Normal
2026-03-04 08:30:00,451.8,6.58,12.22,1074.6,25.9,51.9,34.0,919.1,394.64,1,refrigerant_leak
2026-03-04 08:45:00,528.5,6.14,11.98,1301.0,30.7,48.0,36.0,1098.8,338.06,0,Normal
2026-03-04 09:00:00,552.9,6.61,12.69,1314.7,26.5,49.4,33.8,1045.0,332.82,0,Normal
2026-03-04 09:15:00,515.6,6.58,12.24,1202.1,26.6,54.3,33.7,1038.2,305.3,0,Normal
2026-03-04 09:30:00,551.6,7.04,12.87,1310.8,30.5,56.7,36.0,1141.4,333.19,0,Normal
2026-03-04 09:45:00,569.7,6.86,12.8,1382.8,30.3,54.5,35.7,1100.2,348.36,0,Normal
2026-03-04 10:00:00,526.6,6.29,12.18,1298.7,30.3,45.7,34.1,1059.4,324.86,0,Normal
2026-03-04 10:15:00,541.1,6.76,12.67,1301.3,30.6,42.6,33.5,1037.2,327.65,0,Normal
2026-03-04 10:30:00,591.0,6.94,13.03,1451.3,29.8,47.1,36.0,1087.2,359.02,0,Normal
2026-03-04 10:45:00,608.3,7.23,13.46,1426.0,28.7,39.0,34.5,1060.4,359.44,0,Normal
2026-03-04 11:00:00,585.2,7.01,13.08,1393.4,30.3,47.0,35.5,1087.1,363.37,0,Normal
2026-03-04 11:15:00,553.0,6.97,12.99,1320.0,29.3,44.8,34.4,1031.9,327.91,0,Normal
2026-03-04 11:30:00,627.5,6.72,12.38,1503.0,31.9,43.3,35.4,1057.4,385.55,0,Normal
2026-03-04 11:45:00,566.2,6.84,12.78,1360.9,30.3,38.7,33.9,1038.2,340.48,0,Normal
2026-03-04 12:00:00,571.6,7.14,13.2,1389.2,29.3,47.1,34.6,1066.7,347.37,0,Normal
2026-03-04 12:15:00,588.0,6.23,12.39,1400.1,30.0,42.9,33.2,1031.0,359.39,0,Normal
2026-03-04 12:30:00,616.6,6.58,12.44,1483.4,31.0,40.5,34.6,1086.5,365.04,0,Normal
2026-03-04 12:45:00,596.4,6.43,12.26,1430.1,29.5,33.9,33.7,1023.0,461.42,1,power_surge
2026-03-04 13:00:00,581.5,6.83,12.65,1372.5,29.0,45.6,35.2,1065.0,350.7,0,Normal
2026-03-04 13:15:00,577.8,7.13,13.22,1383.8,30.4,53.2,35.9,1114.8,369.52,0,Normal
2026-03-04 13:30:00,561.3,6.49,12.67,1343.5,30.2,53.2,36.0,1096.0,364.64,0,Normal
2026-03-04 13:45:00,567.1,5.86,11.7,1357.0,28.9,45.2,35.7,1100.5,368.26,0,Normal
2026-03-04 14:00:00,481.9,6.56,12.55,1157.4,28.7,45.3,35.4,1111.1,294.77,0,Normal
2026-03-04 14:15:00,528.8,7.02,12.91,1270.9,29.4,50.2,35.6,1075.7,309.99,0,Normal
2026-03-04 14:30:00,532.3,6.89,12.72,1266.7,26.6,45.1,33.6,1040.4,298.97,0,Normal
2026-03-04 14:45:00,486.7,6.85,12.57,1199.9,26.3,51.2,33.1,1028.3,283.91,0,Normal
2026-03-04 15:00:00,513.5,6.6,12.62,1203.2,26.9,53.9,40.0,1307.6,398.57,1,condenser_fouling
2026-03-04 15:15:00,486.3,6.25,12.11,1149.1,27.3,56.7,36.0,1089.3,313.31,0,Normal
2026-03-04 15:30:00,522.2,6.88,13.29,1322.7,27.6,52.4,34.9,1083.7,324.53,0,Normal
2026-03-04 15:45:00,503.8,6.41,12.0,1183.1,28.9,53.1,36.0,1102.1,314.93,0,Normal
2026-03-04 16:00:00,438.4,7.46,13.27,1018.2,27.5,51.5,33.3,1045.0,432.44,1,power_surge
2026-03-04 16:15:00,431.2,6.9,12.43,1053.3,25.5,52.8,32.8,1019.3,246.76,0,Normal
2026-03-04 16:30:00,417.6,6.5,11.91,950.4,25.2,56.4,34.6,1053.0,256.15,0,Normal
2026-03-04 16:45:00,392.3,6.49,12.07,935.6,23.2,60.0,33.5,1058.6,240.69,0,Normal
2026-03-04 17:00:00,392.2,6.67,12.29,994.9,24.2,63.5,35.0,1065.2,242.7,0,Normal
2026-03-04 17:15:00,351.8,6.62,12.85,805.6,23.2,57.9,33.1,1035.4,200.97,0,Normal
2026-03-04 17:30:00,325.7,7.09,12.5,732.1,23.6,68.4,33.4,1040.4,198.51,0,Normal
2026-03-04 17:45:00,352.6,6.77,11.99,808.7,21.3,62.6,32.4,1039.2,210.77,0,Normal
2026-03-04 18:00:00,335.7,6.44,11.98,828.2,22.8,64.9,32.2,1027.2,189.21,0,Normal
2026-03-04 18:15:00,299.9,7.36,12.24,747.9,23.7,63.3,32.8,1006.8,169.65,0,Normal
2026-03-04 18:30:00,342.4,6.72,12.18,808.9,20.7,57.9,32.7,1006.1,207.92,0,Normal
2026-03-04 18:45:00,304.2,6.97,12.38,747.2,20.9,72.4,33.9,1057.9,180.37,0,Normal
2026-03-04 19:00:00,326.3,6.49,12.14,817.9,20.8,73.1,33.5,1039.6,208.43,0,Normal
2026-03-04 19:15:00,340.5,6.83,12.55,861.9,18.7,70.3,30.6,972.1,198.94,0,Normal
2026-03-04 19:30:00,319.2,6.81,12.12,759.8,19.1,72.9,32.1,1026.1,182.9,0,Normal
2026-03-04 19:45:00,331.4,6.04,11.46,737.7,18.3,75.9,31.3,996.0,193.7,0,Normal
2026-03-04 20:00:00,307.1,7.41,12.63,716.5,17.9,68.7,32.5,1019.4,179.62,0,Normal
2026-03-04 20:15:00,315.1,7.15,12.3,745.5,16.1,74.0,30.7,991.9,173.84,0,Normal
2026-03-04 20:30:00,314.9,6.56,12.07,749.2,16.9,80.4,31.1,984.0,175.0,0,Normal
2026-03-04 20:45:00,301.3,6.31,11.4,718.5,17.1,73.2,31.6,1022.7,181.85,0,Normal
2026-03-04 21:00:00,315.6,6.82,12.15,785.4,18.2,80.3,32.1,998.1,191.3,0,Normal
2026-03-04 21:15:00,281.3,6.73,11.84,706.9,17.0,74.6,32.8,1035.6,171.3,0,Normal
2026-03-04 21:30:00,307.7,6.82,12.38,734.2,18.5,82.7,32.3,1037.0,192.74,0,Normal
2026-03-04 21:45:00,312.9,6.77,12.64,778.4,15.0,81.5,30.1,947.6,173.62,0,Normal
2026-03-04 22:00:00,313.6,6.88,11.98,761.6,15.9,75.9,29.5,949.6,189.79,0,Normal
2026-03-04 22:15:00,314.0,7.21,12.17,755.1,15.0,87.6,31.7,1019.4,174.41,0,Normal
2026-03-04 22:30:00,318.5,6.9,12.3,787.0,17.4,80.5,31.8,1021.9,177.23,0,Normal
2026-03-04 22:45:00,332.0,6.33,11.8,798.6,15.0,80.7,30.1,963.8,175.72,0,Normal
2026-03-04 23:00:00,341.9,7.18,12.72,871.9,15.0,85.1,32.5,1008.0,196.54,0,Normal
2026-03-04 23:15:00,303.8,7.27,12.57,693.1,15.0,89.2,32.4,1031.4,173.29,0,Normal
2026-03-04 23:30:00,289.9,7.8,13.13,682.9,15.0,80.8,31.2,1008.3,169.11,0,Normal
2026-03-04 23:45:00,293.9,6.31,11.79,702.3,15.0,85.2,32.7,1004.7,176.55,0,Normal
2026-03-05 00:00:00,307.8,6.79,12.46,749.8,15.0,86.7,32.2,994.6,170.89,0,Normal
2026-03-05 00:15:00,311.2,5.97,10.9,778.6,15.0,87.7,31.1,992.2,178.5,0,Normal
2026-03-05 00:30:00,300.8,6.89,12.2,721.2,15.0,85.5,30.8,990.8,169.32,0,Normal
2026-03-05 00:45:00,287.6,6.51,11.94,654.7,16.5,83.1,32.7,1019.0,156.28,0,Normal
2026-03-05 01:00:00,308.6,7.37,12.56,761.7,15.2,81.0,31.6,1010.5,170.0,0,Normal
2026-03-05 01:15:00,324.5,6.43,12.31,797.8,15.0,84.3,31.6,989.4,183.43,0,Normal
2026-03-05 01:30:00,334.9,6.11,11.42,755.2,15.0,79.2,30.4,942.0,204.54,0,Normal
2026-03-05 01:45:00,306.1,6.54,11.94,734.5,15.1,71.3,31.0,979.9,178.39,0,Normal
2026-03-05 02:00:00,309.7,6.01,11.57,703.5,15.0,84.1,30.9,984.7,185.32,0,Normal
2026-03-05 02:15:00,296.8,6.96,12.21,695.8,17.7,85.2,32.7,1018.8,162.76,0,Normal
2026-03-05 02:30:00,319.2,5.98,10.95,743.5,17.0,71.4,32.5,1002.1,199.72,0,Normal
2026-03-05 02:45:00,298.8,6.71,12.0,737.3,15.0,76.0,30.3,944.2,180.88,0,Normal
2026-03-05 03:00:00,334.3,5.97,11.7,805.3,15.0,81.6,30.0,957.7,176.06,0,Normal
2026-03-05 03:15:00,275.4,6.59,11.85,628.7,18.4,86.4,32.4,1029.3,156.57,0,Normal
2026-03-05 03:30:00,311.0,7.28,12.49,768.4,16.7,77.3,32.5,1037.0,185.64,0,Normal
2026-03-05 03:45:00,327.5,6.83,12.51,750.2,19.1,73.2,32.7,1040.2,198.29,0,Normal
2026-03-05 04:00:00,324.6,6.4,11.76,787.3,15.4,74.3,30.7,968.9,181.86,0,Normal
2026-03-05 04:15:00,387.3,6.69,12.14,909.2,17.3,79.3,31.7,985.2,223.35,0,Normal
2026-03-05 04:30:00,328.7,6.71,12.2,779.8,18.8,70.1,32.4,1024.8,188.75,0,Normal
2026-03-05 04:45:00,294.9,6.87,12.45,720.4,19.3,68.2,31.5,1006.4,171.7,0,Normal
2026-03-05 05:00:00,317.6,6.22,12.25,775.3,19.1,68.2,32.3,1020.7,197.53,0,Normal
2026-03-05 05:15:00,275.6,6.91,12.47,694.8,21.3,65.1,32.2,982.0,155.04,0,Normal
2026-03-05 05:30:00,318.0,5.75,11.48,761.1,19.3,68.1,31.4,982.3,195.01,0,Normal
2026-03-05 05:45:00,299.2,6.48,11.75,725.7,21.2,72.8,32.9,1026.2,171.55,0,Normal
2026-03-05 06:00:00,342.9,6.53,11.76,812.0,22.2,66.3,33.0,1036.5,197.19,0,Normal
2026-03-05 06:15:00,323.3,6.92,12.38,780.4,23.3,62.7,33.5,1051.2,199.11,0,Normal
2026-03-05 06:30:00,351.0,6.71,12.24,853.4,24.2,61.2,34.0,1052.4,218.58,0,Normal
2026-03-05 06:45:00,354.8,6.21,11.45,849.1,22.0,54.8,29.3,955.4,207.82,0,Normal
2026-03-05 07:00:00,430.8,6.36,11.97,988.7,21.9,63.4,32.3,1015.2,243.77,0,Normal
2026-03-05 07:15:00,395.5,6.77,12.46,957.6,26.6,58.3,34.3,1068.6,235.32,0,Normal
2026-03-05 07:30:00,465.3,6.67,12.49,1125.9,25.8,56.6,35.3,1084.1,292.06,0,Normal
2026-03-05 07:45:00,455.3,6.5,12.33,1075.8,24.6,68.9,33.7,1046.3,274.24,0,Normal
2026-03-05 08:00:00,462.1,6.53,12.33,1076.8,28.6,56.2,35.5,1078.9,276.08,0,Normal
2026-03-05 08:15:00,473.7,6.94,12.56,1173.7,26.9,50.9,35.4,1081.7,293.37,0,Normal
2026-03-05 08:30:00,488.1,6.52,12.17,1183.8,28.9,51.1,34.1,1059.6,289.17,0,Normal
2026-03-05 08:45:00,443.2,6.67,12.06,1058.0,27.7,56.4,35.3,1082.9,286.2,0,Normal
2026-03-05 09:00:00,496.9,7.46,13.7,1164.1,31.1,51.3,35.5,1088.1,314.46,0,Normal
2026-03-05 09:15:00,536.6,6.2,12.08,1267.3,31.0,44.2,35.1,1094.7,335.16,0,Normal
2026-03-05 09:30:00,525.0,6.05,11.85,1292.7,28.4,52.8,34.3,1062.5,331.44,0,Normal
2026-03-05 09:45:00,501.1,6.97,12.54,1206.0,30.5,45.7,34.8,1058.6,304.44,0,Normal
2026-03-05 10:00:00,543.9,6.46,13.08,1291.5,30.3,55.2,36.0,1107.3,343.9,0,Normal
2026-03-05 10:15:00,595.8,6.59,12.31,1442.6,31.7,51.4,36.0,1073.5,381.21,0,Normal
2026-03-05 10:30:00,591.4,6.43,12.3,1399.0,28.4,44.7,35.2,1061.5,365.63,0,Normal
2026-03-05 10:45:00,564.7,6.61,12.64,1392.7,31.1,51.2,36.0,1099.0,347.94,0,Normal
2026-03-05 11:00:00,594.9,7.26,13.4,1461.6,31.8,46.0,34.7,1073.8,345.25,0,Normal
2026-03-05 11:15:00,565.8,6.98,13.15,1346.4,27.7,48.8,34.7,1047.0,341.94,0,Normal
2026-03-05 11:30:00,535.2,7.0,13.32,1268.7,28.7,47.1,35.5,1078.0,334.34,0,Normal
2026-03-05 11:45:00,556.3,6.2,12.24,1269.7,27.4,41.7,33.0,1020.2,340.07,0,Normal
2026-03-05 12:00:00,619.1,6.3,12.07,1448.7,30.1,42.4,35.7,1080.5,387.86,0,Normal
2026-03-05 12:15:00,572.6,5.71,11.59,1340.7,31.6,49.2,36.0,1108.2,354.97,0,Normal
2026-03-05 12:30:00,571.7,6.42,12.44,1375.4,32.7,43.8,36.0,1104.6,339.47,0,Normal
2026-03-05 12:45:00,567.5,7.03,13.49,1353.9,30.4,43.8,34.9,1069.4,340.28,0,Normal
2026-03-05 13:00:00,618.7,6.88,12.57,1451.4,32.7,41.9,35.2,1067.9,375.25,0,Normal
2026-03-05 13:15:00,606.9,6.62,12.94,1449.4,28.0,47.8,34.1,1033.4,363.88,0,Normal
2026-03-05 13:30:00,615.7,6.69,12.77,1490.3,27.3,54.8,35.8,960.1,520.56,1,refrigerant_leak
2026-03-05 13:45:00,549.2,6.46,12.57,1331.3,29.5,42.8,33.3,1043.8,344.18,0,Normal
2026-03-05 14:00:00,552.6,6.77,12.65,1278.6,29.9,47.8,33.6,1032.6,485.66,1,power_surge
2026-03-05 14:15:00,498.3,6.97,12.55,1192.6,29.0,54.0,35.5,1093.0,303.26,0,Normal
2026-03-05 14:30:00,563.2,6.13,12.25,1317.1,25.6,48.8,33.1,1030.4,335.35,0,Normal
2026-03-05 14:45:00,486.3,6.8,12.74,1189.6,28.3,51.8,34.9,1065.3,296.9,0,Normal
2026-03-05 15:00:00,509.3,7.03,13.09,1241.8,26.1,46.6,34.2,1062.0,299.47,0,Normal
2026-03-05 15:15:00,464.0,6.55,12.28,1091.1,28.6,53.5,34.7,1055.2,283.7,0,Normal
2026-03-05 15:30:00,463.6,6.95,12.52,1093.4,27.7,52.1,33.1,1027.4,278.35,0,Normal
2026-03-05 15:45:00,443.5,7.69,12.98,1052.9,25.3,57.8,35.7,1088.4,271.21,0,Normal
2026-03-05 16:00:00,434.8,6.66,12.54,987.2,25.5,59.7,33.4,1031.6,263.53,0,Normal
2026-03-05 16:15:00,421.5,6.84,12.59,1020.0,24.2,66.5,33.4,1047.1,254.42,0,Normal
2026-03-05 16:30:00,405.8,6.44,11.81,967.1,25.2,59.7,35.0,1100.1,234.39,0,Normal
2026-03-05 16:45:00,424.4,6.76,12.28,1042.8,26.2,59.9,34.3,1045.2,261.31,0,Normal
2026-03-05 17:00:00,359.7,6.86,12.26,835.8,22.7,60.6,33.0,1005.0,207.69,0,Normal
2026-03-05 17:15:00,376.2,6.77,11.95,887.5,24.4,59.7,34.1,1024.1,366.76,1,power_surge
2026-03-05 17:30:00,384.4,6.34,11.71,884.9,22.3,63.7,34.0,1048.9,223.78,0,Normal
2026-03-05 17:45:00,324.2,6.77,11.94,752.9,21.4,62.5,32.3,1005.6,193.89,0,Normal
2026-03-05 18:00:00,302.1,7.21,12.51,695.4,21.8,65.7,34.3,1060.5,179.52,0,Normal
2026-03-05 18:15:00,314.2,6.86,12.1,779.1,19.9,71.6,31.0,987.8,167.21,0,Normal
2026-03-05 18:30:00,349.5,7.04,12.13,821.3,20.1,63.6,32.7,999.5,209.44,0,Normal
2026-03-05 18:45:00,324.9,6.62,12.57,782.8,18.5,73.5,31.6,971.1,177.53,0,Normal
2026-03-05 19:00:00,306.7,6.96,12.69,726.6,22.7,75.4,35.4,1084.9,188.67,0,Normal
2026-03-05 19:15:00,332.1,6.8,12.07,765.3,19.3,71.0,32.5,1020.4,197.29,0,Normal
2026-03-05 19:30:00,292.4,6.37,11.82,697.7,17.7,64.2,30.6,970.6,175.42,0,Normal
2026-03-05 19:45:00,337.0,6.81,12.39,823.9,18.6,71.4,32.6,996.0,212.82,0,Normal
2026-03-05 20:00:00,330.2,6.35,12.11,762.3,17.6,80.2,33.0,1037.5,186.17,0,Normal
2026-03-05 20:15:00,312.3,6.48,11.7,769.8,16.9,76.0,32.2,1031.8,183.47,0,Normal
2026-03-05 20:30:00,299.0,6.77,12.44,696.4,17.7,73.2,31.0,991.0,170.07,0,Normal
2026-03-05 20:45:00,297.8,6.8,12.06,702.7,17.5,76.2,31.6,986.6,176.43,0,Normal
2026-03-05 21:00:00,333.4,6.28,11.42,813.4,15.2,82.5,31.4,996.5,196.34,0,Normal
2026-03-05 21:15:00,350.7,2.33,12.75,825.2,15.0,82.2,31.3,972.3,199.17,1,sensor_drift
2026-03-05 21:30:00,304.1,6.9,12.63,730.7,15.0,79.9,31.7,1018.3,173.18,0,Normal
2026-03-05 21:45:00,331.5,6.45,12.56,787.6,15.0,80.2,29.6,956.6,178.78,0,Normal
2026-03-05 22:00:00,267.8,6.16,11.2,646.0,15.0,80.8,31.5,970.2,164.63,0,Normal
2026-03-05 22:15:00,305.4,6.65,12.23,673.4,16.4,79.2,31.5,992.7,181.17,0,Normal
2026-03-05 22:30:00,319.2,6.54,11.88,720.4,16.6,89.9,32.0,1015.0,306.86,1,power_surge
2026-03-05 22:45:00,297.3,6.74,12.33,728.8,15.0,82.6,30.8,976.5,168.21,0,Normal
2026-03-05 23:00:00,296.6,6.57,11.6,737.7,15.0,89.2,31.7,997.7,167.86,0,Normal
2026-03-05 23:15:00,303.3,6.0,11.09,705.2,15.0,90.7,29.1,927.8,163.22,0,Normal
2026-03-05 23:30:00,327.3,6.56,11.82,779.4,18.2,88.8,32.7,1032.2,196.77,0,Normal
2026-03-05 23:45:00,315.3,6.59,12.04,764.1,15.2,83.2,30.8,972.4,173.22,0,Normal
2026-03-06 00:00:00,264.0,6.92,12.09,651.0,15.0,86.6,32.1,977.9,169.01,0,Normal
2026-03-06 00:15:00,267.0,6.46,11.95,590.1,15.0,84.9,30.9,847.2,264.1,1,refrigerant_leak
2026-03-06 00:30:00,304.8,7.29,12.95,709.4,15.0,81.2,31.1,1002.8,176.61,0,Normal
2026-03-06 00:45:00,331.4,6.03,11.64,787.1,15.0,85.9,32.9,1020.6,210.74,0,Normal
2026-03-06 01:00:00,251.3,7.16,12.87,620.7,15.0,79.6,31.9,1032.2,150.66,0,Normal
2026-03-06 01:15:00,307.5,6.62,12.14,800.5,15.0,88.7,32.6,1026.6,183.0,0,Normal
2026-03-06 01:30:00,306.8,7.0,12.11,730.7,15.0,81.6,30.9,989.0,168.06,0,Normal
2026-03-06 01:45:00,354.7,6.73,12.58,816.1,15.0,83.7,31.9,1003.6,196.03,0,Normal
2026-03-06 02:00:00,310.4,7.1,12.37,755.0,17.2,83.5,32.2,1011.6,187.26,0,Normal
2026-03-06 02:15:00,329.6,6.56,12.25,824.0,16.3,80.6,31.6,995.6,204.14,0,Normal
2026-03-06 02:30:00,323.5,6.32,12.16,779.2,15.2,83.2,31.8,1000.1,186.4,0,Normal
2026-03-06 02:45:00,266.7,7.2,12.64,617.5,17.8,78.1,31.8,1011.6,145.35,0,Normal
2026-03-06 03:00:00,339.2,6.66,11.76,838.0,16.1,82.6,33.1,1016.6,181.93,0,Normal
2026-03-06 03:15:00,325.4,6.78,12.0,797.5,15.1,72.8,30.5,959.5,178.14,0,Normal
2026-03-06 03:30:00,332.7,7.13,12.93,772.8,19.1,77.7,33.3,1019.3,196.22,0,Normal
2026-03-06 03:45:00,418.2,6.34,11.93,1013.1,18.1,83.9,34.0,1082.0,265.87,0,Normal
2026-03-06 04:00:00,267.9,6.91,12.26,667.9,16.2,71.0,31.8,1011.5,161.17,0,Normal
2026-03-06 04:15:00,363.1,6.49,12.21,901.0,18.0,71.1,30.6,983.4,211.33,0,Normal
2026-03-06 04:30:00,312.8,6.65,12.25,749.1,17.4,74.7,32.2,996.0,180.41,0,Normal
2026-03-06 04:45:00,327.2,6.73,12.25,776.3,17.2,72.1,32.2,1021.4,187.21,0,Normal
2026-03-06 05:00:00,318.9,6.17,11.56,796.0,21.2,71.6,34.0,1048.7,204.57,0,Normal
2026-03-06 05:15:00,309.4,6.43,11.77,712.3,23.2,70.9,33.2,1037.5,186.54,0,Normal
2026-03-06 05:30:00,305.8,7.17,12.8,744.8,18.8,70.1,31.5,983.5,159.64,0,Normal
2026-03-06 05:45:00,328.2,7.01,12.61,753.5,22.3,70.7,34.5,1063.8,192.72,0,Normal
2026-03-06 06:00:00,282.1,6.68,11.98,703.6,21.0,66.6,32.2,1005.6,158.65,0,Normal
2026-03-06 06:15:00,355.8,6.79,12.57,847.4,21.8,62.7,32.6,1009.4,205.33,0,Normal
2026-03-06 06:30:00,343.5,6.6,12.05,856.2,22.2,65.1,34.5,1072.0,212.99,0,Normal
2026-03-06 06:45:00,342.5,7.17,12.45,834.2,22.4,68.7,33.5,1017.6,202.55,0,Normal
2026-03-06 07:00:00,376.0,6.63,11.99,871.9,24.3,59.3,33.1,1039.8,223.08,0,Normal
2026-03-06 07:15:00,435.0,6.78,12.21,1079.6,23.5,54.7,32.2,1023.4,265.6,0,Normal
2026-03-06 07:30:00,406.1,7.1,12.65,1013.5,25.7,61.8,34.8,1054.0,240.15,0,Normal
2026-03-06 07:45:00,444.0,6.43,12.42,1087.6,25.7,55.7,32.9,1016.0,279.24,0,Normal
2026-03-06 08:00:00,431.7,7.25,12.71,1017.1,25.9,46.3,33.2,1029.6,249.46,0,Normal
2026-03-06 08:15:00,483.4,6.16,11.98,1152.5,25.4,57.3,34.3,1060.8,453.79,1,power_surge
2026-03-06 08:30:00,495.4,7.27,12.9,1192.6,26.3,50.7,34.9,1068.8,297.54,0,Normal
2026-03-06 08:45:00,537.6,6.57,12.38,1272.8,28.7,51.5,35.6,1091.5,332.5,0,Normal
2026-03-06 09:00:00,499.5,6.62,12.04,1241.0,28.8,52.2,34.5,1089.2,306.94,0,Normal
2026-03-06 09:15:00,532.2,6.04,11.85,1280.9,26.9,50.7,35.1,1067.4,331.92,0,Normal
2026-03-06 09:30:00,528.7,6.54,12.35,1201.4,28.9,52.0,34.9,1045.0,317.14,0,Normal
2026-03-06 09:45:00,568.6,6.34,12.41,1373.1,30.2,46.6,34.3,1070.5,336.68,0,Normal
2026-03-06 10:00:00,527.2,6.49,12.4,1256.6,26.9,49.7,33.9,1074.7,338.05,0,Normal
2026-03-06 10:15:00,571.8,6.65,12.3,1370.5,30.4,46.0,36.0,1099.9,350.34,0,Normal
2026-03-06 10:30:00,555.3,7.04,13.22,1323.6,28.9,49.5,35.1,1057.8,343.44,0,Normal
2026-03-06 10:45:00,564.6,6.77,12.75,1375.2,30.9,48.5,35.8,1087.8,335.34,0,Normal
2026-03-06 11:00:00,573.4,6.81,12.8,1404.2,29.1,41.9,35.7,1071.7,350.98,0,Normal
2026-03-06 11:15:00,581.3,6.32,12.28,1402.2,27.6,49.7,33.3,1044.9,347.23,0,Normal
2026-03-06 11:30:00,574.9,6.39,12.21,1371.2,28.0,43.0,33.0,1009.4,346.54,0,Normal
2026-03-06 11:45:00,584.8,7.33,13.35,1402.5,30.6,48.3,34.3,1053.3,328.76,0,Normal
2026-03-06 12:00:00,619.5,6.44,12.6,1487.2,30.9,46.5,35.9,1077.1,385.71,0,Normal
2026-03-06 12:15:00,604.1,7.28,12.85,1429.7,29.1,52.4,35.4,1083.7,358.86,0,Normal
2026-03-06 12:30:00,599.5,6.61,20.84,780.8,31.4,44.3,36.0,1088.5,374.15,1,flow_choke
2026-03-06 12:45:00,563.6,6.7,12.56,1364.2,27.8,44.0,34.2,1058.9,332.2,0,Normal
2026-03-06 13:00:00,548.9,7.07,13.04,1355.9,30.1,45.6,34.9,1070.1,325.96,0,Normal
2026-03-06 13:15:00,590.1,7.15,13.42,1447.6,28.2,44.8,34.3,1042.5,352.31,0,Normal
2026-03-06 13:30:00,582.1,6.66,12.43,1379.9,28.9,49.7,35.1,1083.3,347.51,0,Normal
2026-03-06 13:45:00,590.0,6.56,12.42,1436.5,29.7,40.6,33.3,1034.6,348.44,0,Normal
2026-03-06 14:00:00,530.1,6.68,12.41,1248.4,28.1,43.5,36.0,1079.2,318.68,0,Normal
2026-03-06 14:15:00,530.4,6.82,12.48,1290.5,28.5,44.1,34.8,1101.1,307.6,0,Normal
2026-03-06 14:30:00,485.3,7.01,12.7,1151.8,30.3,52.9,36.0,1101.1,307.27,0,Normal
2026-03-06 14:45:00,505.7,6.7,12.71,1188.0,27.5,56.8,35.4,1079.3,300.18,0,Normal
2026-03-06 15:00:00,528.8,6.92,12.51,1276.0,29.3,50.4,35.8,1110.3,323.9,0,Normal
2026-03-06 15:15:00,479.8,7.27,13.14,1084.6,25.9,51.1,33.6,1070.8,291.05,0,Normal
2026-03-06 15:30:00,494.3,6.83,12.2,1142.5,28.0,53.1,34.3,1055.9,293.49,0,Normal
2026-03-06 15:45:00,459.7,6.81,12.39,1098.8,28.9,58.5,36.0,1099.2,277.54,0,Normal
2026-03-06 16:00:00,458.1,6.17,11.8,1101.5,22.5,51.3,32.6,1005.1,274.06,0,Normal
2026-03-06 16:15:00,406.3,5.78,11.81,965.9,24.6,57.1,33.0,1026.7,253.2,0,Normal
2026-03-06 16:30:00,421.6,6.84,12.41,972.4,26.1,61.2,35.8,1086.5,250.41,0,Normal
2026-03-06 16:45:00,328.8,6.67,11.57,768.7,24.4,60.6,34.1,1055.3,350.1,1,power_surge
2026-03-06 17:00:00,382.6,6.52,11.59,928.1,24.8,60.6,34.6,1068.3,218.94,0,Normal
2026-03-06 17:15:00,330.0,6.79,12.25,806.5,22.8,65.1,34.6,1071.4,196.84,0,Normal
2026-03-06 17:30:00,384.1,6.68,12.4,921.4,23.2,51.6,32.6,1024.5,227.02,0,Normal
2026-03-06 17:45:00,356.4,7.09,19.01,884.4,22.3,66.4,33.6,1024.5,205.38,1,sensor_drift
2026-03-06 18:00:00,331.7,6.73,12.24,805.9,23.8,62.4,34.3,1044.0,196.86,0,Normal
2026-03-06 18:15:00,358.0,6.44,12.25,840.6,21.8,59.0,32.0,999.0,198.87,0,Normal
2026-03-06 18:30:00,296.3,7.05,12.3,704.1,21.4,69.7,33.2,1030.5,176.21,0,Normal
2026-03-06 18:45:00,363.7,6.62,12.38,837.8,19.7,74.4,32.9,1043.7,224.32,0,Normal
2026-03-06 19:00:00,343.3,6.88,11.96,821.2,19.1,69.6,31.4,977.4,189.74,0,Normal
2026-03-06 19:15:00,314.1,6.53,11.73,781.6,18.6,75.2,34.3,1051.1,185.23,0,Normal
2026-03-06 19:30:00,348.4,6.47,11.52,853.3,19.3,79.1,31.9,1020.3,208.24,0,Normal
2026-03-06 19:45:00,292.3,6.73,12.05,736.7,17.6,79.1,31.2,986.6,178.71,0,Normal
2026-03-06 20:00:00,299.4,6.7,12.09,711.0,18.2,81.6,33.8,1052.7,167.68,0,Normal
2026-03-06 20:15:00,304.8,6.87,12.31,765.1,20.4,79.1,34.1,1050.5,181.9,0,Normal
2026-03-06 20:30:00,306.8,6.61,12.03,731.4,18.1,77.5,31.5,1001.9,180.78,0,Normal
2026-03-06 20:45:00,293.6,6.06,11.21,741.4,15.9,71.8,31.4,991.4,171.02,0,Normal
2026-03-06 21:00:00,350.6,6.55,12.0,840.8,17.8,78.2,33.4,1048.8,190.01,0,Normal
2026-03-06 21:15:00,313.5,6.98,12.03,770.1,15.0,76.7,30.9,960.3,183.66,0,Normal
2026-03-06 21:30:00,328.8,6.6,12.39,826.0,15.0,89.6,34.0,1045.4,210.39,0,Normal
2026-03-06 21:45:00,305.7,6.61,11.95,728.9,15.0,80.9,29.8,966.1,174.43,0,Normal
2026-03-06 22:00:00,274.5,7.05,12.27,664.2,15.0,82.8,31.9,1014.5,151.37,0,Normal
2026-03-06 22:15:00,326.8,6.45,12.3,816.4,15.0,85.1,32.5,1041.0,189.13,0,Normal
2026-03-06 22:30:00,272.2,6.16,11.19,649.9,15.0,83.7,32.2,1005.5,175.01,0,Normal
2026-03-06 22:45:00,318.3,6.64,11.8,730.9,16.5,90.7,32.5,1041.0,195.01,0,Normal
2026-03-06 23:00:00,285.8,6.53,11.63,739.5,15.0,81.8,31.1,978.0,170.46,0,Normal
2026-03-06 23:15:00,369.7,6.36,11.88,875.5,15.0,85.4,36.9,1266.3,349.04,1,condenser_fouling
2026-03-06 23:30:00,342.8,6.64,12.23,826.7,15.0,81.9,32.0,1019.2,195.29,0,Normal
2026-03-06 23:45:00,322.6,6.87,12.5,803.2,15.0,79.7,31.6,985.8,185.61,0,Normal
2026-03-07 00:00:00,351.6,6.7,12.84,828.6,15.0,82.6,32.2,1016.6,205.64,0,Normal
2026-03-07 00:15:00,298.8,6.81,11.64,692.0,15.0,84.8,30.7,979.7,175.71,0,Normal
2026-03-07 00:30:00,333.6,7.33,12.95,807.0,15.0,83.1,31.2,1000.5,203.22,0,Normal
2026-03-07 00:45:00,325.0,6.58,11.89,735.2,15.4,81.8,30.7,977.0,195.87,0,Normal
2026-03-07 01:00:00,326.6,6.8,12.1,776.6,15.0,78.7,30.7,976.2,175.94,0,Normal
2026-03-07 01:15:00,351.8,6.52,11.87,850.5,15.0,83.6,32.3,1033.9,208.9,0,Normal
2026-03-07 01:30:00,338.3,6.4,11.65,805.2,15.1,77.5,31.1,986.7,202.02,0,Normal
2026-03-07 01:45:00,327.2,6.5,12.37,746.7,17.8,86.0,35.0,1084.2,205.21,0,Normal
2026-03-07 02:00:00,278.6,6.53,12.1,708.6,15.0,82.7,31.5,994.2,157.23,0,Normal
2026-03-07 02:15:00,296.0,6.83,12.22,713.0,15.3,75.8,31.0,1011.5,193.65,0,Normal
2026-03-07 02:30:00,316.9,7.52,13.29,796.4,15.0,79.6,31.2,980.7,170.85,0,Normal
2026-03-07 02:45:00,322.3,6.45,11.52,767.1,15.0,77.0,30.4,964.4,176.22,0,Normal
2026-03-07 03:00:00,291.7,6.55,11.6,678.2,17.2,80.4,32.1,1033.9,173.27,0,Normal
2026-03-07 03:15:00,380.3,6.68,11.69,919.4,15.1,83.5,32.4,1009.6,240.74,0,Normal
2026-03-07 03:30:00,357.9,6.84,12.18,853.6,16.9,69.7,31.3,1016.6,200.11,0,Normal
2026-03-07 03:45:00,335.1,6.79,12.3,774.7,16.6,76.6,30.9,998.7,190.62,0,Normal
2026-03-07 04:00:00,321.8,7.15,12.62,809.1,18.5,74.4,31.5,995.3,194.34,0,Normal
2026-03-07 04:15:00,314.7,5.85,11.32,739.7,18.7,76.5,32.2,985.0,186.76,0,Normal
2026-03-07 04:30:00,296.2,5.86,10.9,664.9,20.3,73.5,33.1,1030.8,175.43,0,Normal
2026-03-07 04:45:00,321.9,6.53,12.17,805.9,18.5,68.4,32.8,1025.8,195.41,0,Normal
2026-03-07 05:00:00,326.4,7.08,12.6,770.9,19.4,68.9,31.2,1007.6,189.79,0,Normal
2026-03-07 05:15:00,289.0,6.15,11.71,678.3,18.9,65.7,31.5,1021.0,177.4,0,Normal
2026-03-07 05:30:00,328.4,5.65,10.63,743.9,20.2,71.9,33.0,1018.6,208.08,0,Normal
2026-03-07 05:45:00,316.1,6.9,12.41,802.2,22.0,66.4,31.7,1014.6,186.19,0,Normal
2026-03-07 06:00:00,272.3,6.79,11.83,621.3,23.1,72.6,33.6,1052.9,165.04,0,Normal
2026-03-07 06:15:00,315.5,6.32,11.65,758.6,21.2,63.4,32.1,1025.4,187.48,0,Normal
2026-03-07 06:30:00,343.6,6.36,11.98,847.4,24.4,59.6,33.1,1039.4,209.2,0,Normal
2026-03-07 06:45:00,417.9,6.36,12.02,1013.5,25.7,55.0,34.1,1024.4,253.67,0,Normal
2026-03-07 07:00:00,401.2,6.74,12.13,961.4,24.8,52.6,33.2,1032.5,238.85,0,Normal
2026-03-07 07:15:00,370.2,6.48,12.02,845.9,27.5,52.2,34.1,1036.5,233.55,0,Normal
2026-03-07 07:30:00,431.6,6.87,12.15,1015.7,24.1,58.4,33.9,1044.9,270.84,0,Normal
2026-03-07 07:45:00,396.3,5.7,11.58,955.8,23.9,58.2,34.8,1082.6,232.55,0,Normal
2026-03-07 08:00:00,477.1,6.4,12.1,1125.3,23.6,48.7,33.8,1051.6,287.77,0,Normal
2026-03-07 08:15:00,452.7,6.31,19.01,471.5,29.0,57.5,34.1,1070.2,268.9,1,flow_choke
2026-03-07 08:30:00,475.9,6.61,12.23,1159.3,28.2,50.9,35.2,1082.0,289.28,0,Normal
2026-03-07 08:45:00,524.6,6.51,12.23,1283.0,27.5,52.4,34.4,1040.9,321.82,0,Normal
2026-03-07 09:00:00,471.7,6.98,12.53,1101.4,28.4,57.3,35.5,1045.5,294.23,0,Normal
2026-03-07 09:15:00,480.6,6.05,12.03,1208.2,26.7,53.6,34.0,1052.8,291.0,0,Normal
2026-03-07 09:30:00,511.7,6.72,12.36,1247.2,32.4,48.1,36.0,1090.8,301.38,0,Normal
2026-03-07 09:45:00,562.1,6.9,12.98,1349.1,29.3,44.8,34.9,1055.1,333.96,0,Normal
2026-03-07 10:00:00,507.2,7.35,13.07,1244.5,29.5,39.1,33.9,1024.4,309.5,0,Normal
2026-03-07 10:15:00,482.4,6.53,11.8,1216.9,30.7,44.2,34.6,1053.7,271.8,0,Normal
2026-03-07 10:30:00,548.9,6.81,12.57,1281.5,30.6,45.7,35.1,1070.7,344.37,0,Normal
2026-03-07 10:45:00,580.0,6.07,11.73,1386.4,30.4,42.1,35.2,1087.4,362.53,0,Normal
2026-03-07 11:00:00,601.1,5.86,11.87,1383.3,29.0,45.2,35.2,1078.6,382.62,0,Normal
2026-03-07 11:15:00,563.4,7.0,12.62,1357.0,31.0,45.7,36.0,1118.1,345.78,0,Normal
2026-03-07 11:30:00,567.5,6.7,12.86,1371.1,33.3,44.3,36.0,1078.5,334.82,0,Normal
2026-03-07 11:45:00,608.3,7.11,13.11,1458.9,32.5,42.4,36.0,1107.2,377.87,0,Normal
2026-03-07 12:00:00,533.3,6.22,12.04,1263.5,32.9,45.7,36.0,1094.7,342.49,0,Normal
2026-03-07 12:15:00,569.7,6.88,12.99,1316.1,29.7,46.8,36.0,1104.4,359.21,0,Normal
2026-03-07 12:30:00,582.5,7.35,13.56,1407.4,28.9,40.8,34.2,1049.7,343.37,0,Normal
2026-03-07 12:45:00,586.2,6.85,12.81,1443.3,30.1,51.0,35.5,1098.7,360.24,0,Normal
2026-03-07 13:00:00,558.4,6.8,12.52,1325.4,30.3,45.3,35.4,1085.7,338.14,0,Normal
2026-03-07 13:15:00,567.1,6.7,12.19,1372.0,31.7,46.1,35.0,1063.0,339.8,0,Normal
2026-03-07 13:30:00,498.0,6.15,11.77,1156.0,27.3,49.4,34.1,1052.6,310.15,0,Normal
2026-03-07 13:45:00,536.7,7.17,12.89,1299.6,31.9,48.0,36.0,1090.4,320.52,0,Normal
2026-03-07 14:00:00,556.5,6.49,12.43,1325.8,29.1,51.5,35.7,1095.7,337.13,0,Normal
2026-03-07 14:15:00,511.6,6.88,12.61,1208.8,28.4,49.5,34.5,1044.9,300.76,0,Normal
2026-03-07 14:30:00,527.7,6.15,12.18,1247.6,27.2,46.7,34.2,1054.0,308.98,0,Normal
2026-03-07 14:45:00,526.7,6.29,11.99,1254.1,25.9,51.4,33.1,1037.8,316.11,0,Normal
2026-03-07 15:00:00,495.3,7.2,12.98,1198.2,29.2,46.3,35.4,1082.1,311.37,0,Normal
2026-03-07 15:15:00,495.7,6.58,12.67,1156.9,27.7,52.2,34.6,1083.9,299.95,0,Normal
2026-03-07 15:30:00,454.2,7.21,13.0,1080.2,25.2,52.7,33.4,1048.7,256.95,0,Normal
2026-03-07 15:45:00,459.3,6.67,12.38,1101.2,24.8,53.1,33.1,1031.7,279.85,0,Normal
2026-03-07 16:00:00,465.3,6.06,11.64,1089.1,25.7,54.5,33.9,1052.0,295.72,0,Normal
2026-03-07 16:15:00,438.9,7.01,12.53,1098.3,28.3,48.6,34.3,1060.8,258.85,0,Normal
2026-03-07 16:30:00,404.8,6.49,11.89,950.3,24.9,55.2,34.1,1059.8,241.05,0,Normal
2026-03-07 16:45:00,409.2,6.94,12.43,965.3,22.5,58.9,32.5,991.7,244.45,0,Normal
2026-03-07 17:00:00,405.2,6.71,12.51,947.9,23.8,60.5,34.8,1064.4,259.75,0,Normal
2026-03-07 17:15:00,319.5,0.33,11.54,811.7,23.2,57.0,34.2,1032.9,190.17,1,sensor_drift
2026-03-07 17:30:00,382.9,6.76,11.99,932.8,19.1,67.5,31.3,1011.3,210.77,0,Normal
2026-03-07 17:45:00,328.6,7.47,13.37,765.2,22.5,60.2,33.0,1028.3,197.91,0,Normal
2026-03-07 18:00:00,330.6,6.87,12.41,821.2,21.7,68.9,32.7,1020.9,201.41,0,Normal
2026-03-07 18:15:00,349.9,6.68,11.83,844.9,22.5,68.0,33.3,1049.4,208.7,0,Normal
2026-03-07 18:30:00,285.7,7.08,12.34,692.1,23.7,65.0,35.5,1088.6,170.16,0,Normal
2026-03-07 18:45:00,302.3,6.77,12.21,716.8,22.0,76.0,33.7,1028.7,189.1,0,Normal
2026-03-07 19:00:00,312.8,6.77,12.63,732.0,19.4,65.4,32.2,1012.3,187.69,0,Normal
2026-03-07 19:15:00,300.4,6.32,11.44,729.4,17.6,75.1,32.4,1010.8,171.51,0,Normal
2026-03-07 19:30:00,363.4,6.78,12.55,858.5,22.6,76.7,33.5,1014.2,217.38,0,Normal
2026-03-07 19:45:00,298.6,7.06,12.81,762.0,18.3,71.2,31.3,981.7,161.07,0,Normal
2026-03-07 20:00:00,306.1,6.41,11.66,702.9,17.8,80.6,31.5,994.0,183.98,0,Normal
2026-03-07 20:15:00,325.1,7.2,12.58,818.7,17.2,75.1,31.1,986.0,184.13,0,Normal
2026-03-07 20:30:00,289.9,6.67,11.79,693.1,17.1,78.3,29.7,936.1,160.54,0,Normal
2026-03-07 20:45:00,310.1,6.39,11.76,751.7,16.2,79.2,32.1,1026.4,182.13,0,Normal
2026-03-07 21:00:00,327.9,7.05,12.5,807.9,15.1,78.6,32.7,1022.4,193.27,0,Normal
2026-03-07 21:15:00,311.7,6.6,12.19,732.3,15.0,83.3,31.5,998.5,188.53,0,Normal
2026-03-07 21:30:00,317.7,6.97,12.67,784.0,15.2,84.0,30.4,980.3,185.63,0,Normal
2026-03-07 21:45:00,306.8,6.6,11.82,668.6,15.0,74.6,30.2,957.6,173.81,0,Normal
2026-03-07 22:00:00,282.1,6.68,11.55,659.1,15.0,87.5,31.4,1001.6,169.75,0,Normal
2026-03-07 22:15:00,328.0,6.87,12.32,764.2,15.0,76.3,30.0,960.3,189.18,0,Normal
2026-03-07 22:30:00,363.9,6.8,12.4,842.0,15.0,87.6,32.4,1004.2,210.54,0,Normal
2026-03-07 22:45:00,320.5,6.0,11.5,763.7,16.2,88.4,33.0,1038.5,191.16,0,Normal
2026-03-07 23:00:00,325.6,6.31,11.68,791.2,15.0,80.0,30.2,992.1,185.49,0,Normal
2026-03-07 23:15:00,337.3,7.03,12.53,827.1,15.3,83.0,32.1,1021.1,200.75,0,Normal
2026-03-07 23:30:00,288.3,6.65,12.41,697.9,15.4,80.4,32.6,1034.8,167.3,0,Normal
2026-03-07 23:45:00,362.6,6.52,12.14,853.5,15.0,84.1,33.0,1021.7,212.64,0,Normal
2026-03-08 00:00:00,325.1,6.22,11.58,789.4,15.0,83.8,33.7,1021.5,212.06,0,Normal
2026-03-08 00:15:00,360.8,6.32,11.72,869.0,15.0,88.1,31.1,1010.5,216.92,0,Normal
2026-03-08 00:30:00,301.7,5.99,11.35,747.4,15.0,90.1,34.2,1086.4,177.9,0,Normal
2026-03-08 00:45:00,365.5,6.66,12.6,896.5,15.0,90.2,31.7,1024.3,217.5,0,Normal
2026-03-08 01:00:00,339.4,6.49,11.92,815.3,15.0,82.1,30.8,978.1,196.76,0,Normal
2026-03-08 01:15:00,333.8,6.36,11.82,778.8,16.6,83.1,32.4,998.6,200.45,0,Normal
2026-03-08 01:30:00,325.9,6.68,12.01,765.7,15.6,76.7,30.7,963.5,188.12,0,Normal
2026-03-08 01:45:00,313.8,6.83,12.53,739.3,16.3,79.7,32.0,983.3,192.82,0,Normal
2026-03-08 02:00:00,350.0,7.43,13.42,832.2,15.7,86.2,30.9,983.0,202.13,0,Normal
2026-03-08 02:15:00,323.5,6.17,11.73,783.1,15.0,88.1,31.6,1023.6,189.14,0,Normal
2026-03-08 02:30:00,270.8,7.11,12.47,667.9,15.0,75.9,31.9,1002.7,165.51,0,Normal
2026-03-08 02:45:00,292.1,7.04,12.43,699.7,16.3,77.7,31.5,1002.3,170.71,0,Normal
2026-03-08 03:00:00,315.4,6.43,11.26,757.3,15.0,79.0,31.2,1011.1,184.02,0,Normal
2026-03-08 03:15:00,327.7,6.77,12.41,790.2,17.5,79.3,32.6,1014.5,195.69,0,Normal
2026-03-08 03:30:00,318.6,6.54,12.01,751.7,16.5,73.9,32.3,1044.1,186.78,0,Normal
2026-03-08 03:45:00,350.5,6.76,12.37,818.0,16.7,77.8,30.4,1004.0,200.23,0,Normal
2026-03-08 04:00:00,271.2,7.23,12.39,607.0,18.8,73.1,32.8,1022.9,154.57,0,Normal
2026-03-08 04:15:00,323.6,6.91,12.26,759.2,18.9,73.8,32.2,1003.6,183.26,0,Normal
2026-03-08 04:30:00,274.6,6.88,12.12,670.7,18.2,74.8,32.3,1025.2,152.95,0,Normal
2026-03-08 04:45:00,339.0,6.55,12.28,796.0,21.0,71.5,34.0,1046.2,193.44,0,Normal
2026-03-08 05:00:00,317.6,6.18,11.52,756.4,18.2,68.4,30.7,962.7,176.69,0,Normal
2026-03-08 05:15:00,330.5,6.63,12.61,804.8,21.3,68.5,32.2,1032.3,192.83,0,Normal
2026-03-08 05:30:00,298.4,7.12,12.63,729.2,21.8,67.3,31.6,1018.4,173.4,0,Normal
2026-03-08 05:45:00,352.0,6.17,11.35,817.8,21.0,64.8,32.2,1014.4,205.92,0,Normal
2026-03-08 06:00:00,346.0,6.33,11.79,855.4,22.5,64.0,34.3,1038.5,191.46,0,Normal
2026-03-08 06:15:00,351.6,6.74,12.08,872.0,20.7,70.1,32.8,1007.1,220.6,0,Normal
2026-03-08 06:30:00,350.7,6.36,11.31,813.4,24.5,64.6,33.1,1033.7,218.24,0,Normal
2026-03-08 06:45:00,385.2,6.42,12.39,903.9,23.4,59.9,32.9,1020.4,232.88,0,Normal
2026-03-08 07:00:00,369.6,6.55,12.27,916.9,23.4,62.6,32.4,1010.5,233.09,0,Normal
2026-03-08 07:15:00,425.0,6.22,12.01,1016.2,26.3,57.2,33.5,1055.9,248.01,0,Normal
2026-03-08 07:30:00,460.7,6.36,12.12,1050.3,24.2,62.0,34.2,1065.5,294.46,0,Normal
2026-03-08 07:45:00,461.8,6.95,12.32,1073.2,23.6,57.6,32.3,1035.4,262.69,0,Normal
2026-03-08 08:00:00,431.8,6.24,11.79,1030.0,23.9,54.6,34.0,1036.5,263.59,0,Normal
2026-03-08 08:15:00,473.5,6.14,12.1,1107.3,27.6,55.7,34.8,1063.7,280.47,0,Normal
2026-03-08 08:30:00,445.9,6.48,11.91,1059.9,25.3,46.5,33.2,1044.2,266.24,0,Normal
2026-03-08 08:45:00,505.7,6.96,12.13,1214.6,30.2,47.3,35.2,1082.8,311.49,0,Normal
2026-03-08 09:00:00,515.1,6.63,12.4,1272.8,24.9,46.1,33.5,1063.3,307.02,0,Normal
2026-03-08 09:15:00,468.7,6.54,12.24,1117.7,30.9,50.5,36.0,1100.3,296.53,0,Normal
2026-03-08 09:30:00,497.2,6.72,12.54,1220.2,29.1,56.1,35.8,1118.1,307.82,0,Normal
2026-03-08 09:45:00,529.1,6.09,12.13,1305.6,28.9,57.3,36.0,1102.1,326.11,0,Normal
2026-03-08 10:00:00,537.6,6.87,12.91,1326.2,28.5,50.2,34.7,1081.8,321.53,0,Normal
2026-03-08 10:15:00,522.9,6.83,12.74,1262.2,30.2,49.1,36.0,1088.3,329.44,0,Normal
2026-03-08 10:30:00,569.9,6.56,12.8,1318.8,29.8,39.3,34.3,1057.3,339.97,0,Normal
2026-03-08 10:45:00,572.5,7.05,12.62,1385.5,31.7,43.9,35.8,1102.9,358.94,0,Normal
2026-03-08 11:00:00,566.3,6.31,12.36,1385.3,30.4,42.5,34.9,1093.6,356.73,0,Normal
2026-03-08 11:15:00,556.1,7.09,13.16,1332.6,30.6,42.9,34.8,1079.6,323.46,0,Normal
2026-03-08 11:30:00,604.0,6.75,12.45,1493.2,29.9,44.5,34.5,1059.5,374.76,0,Normal
2026-03-08 11:45:00,620.8,6.58,12.25,1511.5,30.4,43.2,35.5,1104.0,398.82,0,Normal
2026-03-08 12:00:00,567.9,6.69,12.44,1377.2,31.0,37.1,35.9,1060.0,353.36,0,Normal
2026-03-08 12:15:00,564.1,6.66,12.43,1381.1,27.9,48.0,35.3,1058.5,351.05,0,Normal
2026-03-08 12:30:00,590.1,7.13,13.3,1424.5,28.4,40.9,33.0,1040.7,356.62,0,Normal
2026-03-08 12:45:00,566.1,6.32,12.1,1296.2,31.5,46.3,36.0,1094.2,350.02,0,Normal
2026-03-08 13:00:00,567.7,6.43,12.15,1349.9,30.5,54.0,35.8,1098.2,353.06,0,Normal
2026-03-08 13:15:00,584.7,7.06,12.88,1433.2,29.8,42.4,35.3,1079.3,346.01,0,Normal
2026-03-08 13:30:00,512.5,6.49,12.6,1209.7,29.9,36.4,33.6,1051.7,308.96,0,Normal
2026-03-08 13:45:00,586.1,7.02,12.99,1401.2,30.1,45.9,35.4,1067.9,362.04,0,Normal
2026-03-08 14:00:00,547.0,1.26,13.14,1286.6,28.6,52.1,35.3,1086.8,336.56,1,sensor_drift
2026-03-08 14:15:00,525.9,6.56,12.38,1306.7,27.9,56.2,33.9,1063.0,325.16,0,Normal
2026-03-08 14:30:00,524.0,6.94,13.11,1299.7,29.0,44.2,35.1,1092.8,313.1,0,Normal
2026-03-08 14:45:00,514.5,6.3,11.94,1212.8,26.9,52.0,35.3,1110.2,313.18,0,Normal
2026-03-08 15:00:00,460.6,6.96,13.01,1109.0,28.6,49.0,34.7,1068.9,294.0,0,Normal
2026-03-08 15:15:00,528.8,6.77,12.68,1252.1,25.1,51.4,34.5,1065.3,318.97,0,Normal
2026-03-08 15:30:00,479.3,6.87,12.58,1165.7,28.7,63.4,35.8,1067.8,297.01,0,Normal
2026-03-08 15:45:00,475.5,6.47,12.85,1154.0,27.4,47.9,34.9,1061.4,290.12,0,Normal
2026-03-08 16:00:00,473.8,6.12,11.6,1157.4,26.6,56.0,32.7,1020.0,275.74,0,Normal
2026-03-08 16:15:00,409.5,6.88,12.41,991.0,27.2,58.0,36.0,1109.8,265.86,0,Normal
2026-03-08 16:30:00,431.3,5.98,11.33,1108.6,27.8,61.7,36.0,1084.8,265.44,0,Normal
2026-03-08 16:45:00,396.9,6.59,12.42,926.8,26.3,59.0,41.0,1286.6,371.76,1,condenser_fouling
2026-03-08 17:00:00,408.5,7.03,13.07,937.5,21.4,61.1,31.0,985.5,230.59,0,Normal
2026-03-08 17:15:00,317.5,6.77,12.62,752.3,21.7,59.5,32.8,1022.0,171.68,0,Normal
2026-03-08 17:30:00,351.5,7.38,13.19,804.3,22.2,63.5,31.9,1009.6,198.07,0,Normal
2026-03-08 17:45:00,321.9,7.06,12.45,735.3,22.6,62.3,33.5,1034.6,183.75,0,Normal
2026-03-08 18:00:00,330.8,6.47,11.84,768.9,22.8,67.5,34.0,1044.1,204.68,0,Normal
2026-03-08 18:15:00,331.8,6.71,11.76,773.1,20.4,64.8,31.6,973.7,187.53,0,Normal
2026-03-08 18:30:00,302.3,6.68,12.6,701.7,21.2,69.1,34.0,1046.3,189.03,0,Normal
2026-03-08 18:45:00,302.2,6.15,11.67,738.2,19.2,68.8,32.8,1017.8,191.44,0,Normal
2026-03-08 19:00:00,317.2,6.37,11.68,748.7,18.9,74.7,33.3,1027.2,196.11,0,Normal
2026-03-08 19:15:00,297.6,6.5,12.23,709.7,17.2,71.2,31.4,1001.9,171.42,0,Normal
2026-03-08 19:30:00,341.0,5.99,11.23,840.9,17.4,65.6,29.9,973.3,196.71,0,Normal
2026-03-08 19:45:00,310.8,6.72,12.24,726.7,16.2,78.9,32.4,1019.9,170.6,0,Normal
2026-03-08 20:00:00,247.3,6.61,11.86,587.0,16.3,71.4,30.8,997.6,141.34,0,Normal
2026-03-08 20:15:00,310.6,6.11,11.7,754.7,18.9,73.5,31.3,1000.6,174.43,0,Normal
2026-03-08 20:30:00,294.0,6.84,12.21,657.1,15.4,74.8,32.0,1003.5,177.22,0,Normal
2026-03-08 20:45:00,279.2,6.95,11.95,610.5,20.3,83.7,35.5,1076.9,191.72,0,Normal
2026-03-08 21:00:00,289.1,6.78,12.18,702.4,16.7,70.6,31.1,994.3,170.82,0,Normal
2026-03-08 21:15:00,322.7,6.59,12.29,786.9,15.9,92.6,34.3,1065.7,179.46,0,Normal
2026-03-08 21:30:00,353.2,6.91,12.41,899.3,15.0,85.1,31.6,1021.0,202.03,0,Normal
2026-03-08 21:45:00,327.8,6.94,12.59,790.7,16.0,82.5,31.5,1014.9,190.69,0,Normal
2026-03-08 22:00:00,304.8,6.81,11.96,752.1,15.0,82.1,30.8,974.4,175.69,0,Normal
2026-03-08 22:15:00,331.4,6.41,11.87,790.5,15.0,84.1,32.8,1023.4,191.06,0,Normal
2026-03-08 22:30:00,308.5,6.8,12.06,747.9,18.0,85.6,32.3,1024.8,183.04,0,Normal
2026-03-08 22:45:00,302.6,7.12,12.71,768.0,15.0,86.5,32.3,1029.6,166.71,0,Normal
2026-03-08 23:00:00,291.1,6.49,11.88,645.6,15.5,86.5,31.5,1010.4,161.95,0,Normal
2026-03-08 23:15:00,276.2,7.43,12.96,673.2,15.0,85.0,31.2,989.4,163.11,0,Normal
2026-03-08 23:30:00,310.3,6.52,12.21,798.0,15.0,84.0,32.3,995.6,174.66,0,Normal
2026-03-08 23:45:00,324.0,6.71,12.33,784.5,16.2,84.4,31.7,987.1,193.04,0,Normal
2026-03-09 00:00:00,317.6,6.46,11.97,803.5,15.0,84.2,31.2,994.1,173.23,0,Normal
2026-03-09 00:15:00,309.6,6.78,11.95,727.3,16.2,89.5,33.4,1042.6,198.66,0,Normal
2026-03-09 00:30:00,296.4,6.09,11.48,710.5,15.0,87.2,33.0,1013.1,171.25,0,Normal
2026-03-09 00:45:00,335.2,6.51,20.31,385.0,15.0,72.9,31.1,989.2,192.29,1,flow_choke
2026-03-09 01:00:00,287.1,6.32,11.61,633.5,15.0,86.9,31.2,999.9,169.53,0,Normal
2026-03-09 01:15:00,339.4,6.75,12.13,785.4,15.4,84.7,31.3,975.8,191.9,0,Normal
2026-03-09 01:30:00,294.9,7.05,12.19,680.4,15.1,83.4,31.5,1014.3,171.63,0,Normal
2026-03-09 01:45:00,301.2,6.93,11.84,743.4,15.0,81.4,31.5,992.0,179.0,0,Normal
2026-03-09 02:00:00,283.3,5.87,11.07,701.8,15.0,86.8,30.9,1003.3,172.81,0,Normal
2026-03-09 02:15:00,307.5,7.41,12.88,746.0,15.0,85.4,32.2,1003.5,184.77,0,Normal
2026-03-09 02:30:00,344.4,6.8,11.96,847.1,15.1,77.8,31.1,797.4,349.05,1,refrigerant_leak
2026-03-09 02:45:00,332.9,6.43,11.9,794.8,16.5,81.7,30.6,971.1,190.4,0,Normal
2026-03-09 03:00:00,344.5,6.75,12.72,856.8,16.3,75.3,30.6,976.3,216.04,0,Normal
2026-03-09 03:15:00,333.1,6.76,12.48,799.5,15.0,72.7,30.2,962.6,197.07,0,Normal
2026-03-09 03:30:00,292.4,6.47,12.26,703.2,17.4,74.7,31.7,999.2,163.64,0,Normal
2026-03-09 03:45:00,311.7,6.77,12.29,741.5,18.2,79.6,34.1,1057.4,188.46,0,Normal
2026-03-09 04:00:00,300.5,6.49,12.18,738.3,18.6,78.8,32.9,1023.9,175.87,0,Normal
2026-03-09 04:15:00,353.3,6.56,11.88,837.3,19.9,75.9,32.3,1014.3,207.03,0,Normal
2026-03-09 04:30:00,290.1,6.46,11.68,720.6,20.0,75.6,33.2,1008.6,163.48,0,Normal
2026-03-09 04:45:00,342.3,6.2,11.0,793.3,20.0,73.5,32.6,1026.3,200.13,0,Normal
2026-03-09 05:00:00,342.3,6.75,12.53,794.1,19.7,67.6,32.5,845.5,353.56,1,refrigerant_leak
2026-03-09 05:15:00,365.7,6.9,12.82,895.0,17.9,70.6,32.1,1035.3,218.43,0,Normal
2026-03-09 05:30:00,309.8,6.88,12.16,741.2,21.5,70.8,34.3,1043.9,166.94,0,Normal
2026-03-09 05:45:00,337.8,6.99,12.4,799.4,21.8,69.3,33.3,1009.2,210.32,0,Normal
2026-03-09 06:00:00,377.0,6.81,12.18,927.2,22.4,69.8,35.0,1081.2,238.48,0,Normal
2026-03-09 06:15:00,321.6,6.51,12.05,756.6,20.6,66.5,33.3,1041.9,189.42,0,Normal
2026-03-09 06:30:00,315.6,6.99,12.71,752.3,21.5,63.8,32.2,997.3,190.12,0,Normal
2026-03-09 06:45:00,323.7,6.22,11.24,811.9,25.2,65.4,36.0,1071.1,194.83,0,Normal
2026-03-09 07:00:00,405.1,6.38,12.1,1010.7,24.1,59.7,33.9,1072.0,240.88,0,Normal
2026-03-09 07:15:00,356.5,6.36,11.81,894.9,25.8,55.0,33.3,1057.7,225.59,0,Normal
2026-03-09 07:30:00,410.2,7.08,12.73,977.4,25.3,56.7,35.2,1040.4,247.79,0,Normal
2026-03-09 07:45:00,445.9,7.03,12.84,1101.0,25.8,53.2,35.5,1077.0,258.05,0,Normal
2026-03-09 08:00:00,454.6,6.87,12.53,1067.4,27.7,52.3,34.6,1088.9,274.88,0,Normal
2026-03-09 08:15:00,475.1,7.08,12.8,1117.5,25.9,53.3,33.5,1033.9,282.02,0,Normal
2026-03-09 08:30:00,483.8,6.39,12.11,1102.4,27.3,49.7,34.1,1046.4,302.67,0,Normal
2026-03-09 08:45:00,523.4,6.82,12.91,1298.0,26.9,50.6,34.7,1062.4,317.93,0,Normal
2026-03-09 09:00:00,480.0,6.66,12.52,1130.5,27.4,43.3,34.8,1051.3,289.06,0,Normal
2026-03-09 09:15:00,498.6,7.0,12.85,1193.4,27.9,50.8,35.1,1048.8,311.87,0,Normal
2026-03-09 09:30:00,507.0,6.66,12.16,1193.9,29.1,49.1,35.1,1090.4,311.08,0,Normal
2026-03-09 09:45:00,556.9,6.57,12.38,1354.0,28.3,45.1,35.6,1057.0,337.34,0,Normal
2026-03-09 10:00:00,567.7,6.89,13.05,1353.0,31.2,50.3,35.8,1094.2,358.95,0,Normal
2026-03-09 10:15:00,564.5,7.01,12.95,1322.1,28.3,50.8,35.6,1099.1,347.67,0,Normal
2026-03-09 10:30:00,589.8,6.47,12.61,1426.6,29.6,40.1,34.3,1035.4,357.71,0,Normal
2026-03-09 10:45:00,536.8,6.68,12.99,1252.4,29.4,43.0,35.0,1058.9,329.28,0,Normal
2026-03-09 11:00:00,612.8,6.33,12.61,1449.8,32.4,42.6,35.9,1109.8,372.15,0,Normal
2026-03-09 11:15:00,613.1,5.83,11.88,1418.7,30.6,41.6,35.1,1082.0,375.02,0,Normal
2026-03-09 11:30:00,596.2,6.77,12.63,1395.2,32.0,48.5,36.0,1084.0,368.56,0,Normal
2026-03-09 11:45:00,624.0,6.91,12.32,1502.0,28.3,44.3,35.3,1097.7,380.05,0,Normal
2026-03-09 12:00:00,538.6,6.79,12.63,1243.5,30.9,43.9,34.8,1087.0,337.83,0,Normal
2026-03-09 12:15:00,566.3,6.02,11.87,1322.2,31.8,37.0,34.7,1069.8,349.29,0,Normal
2026-03-09 12:30:00,559.4,6.58,12.59,1342.5,30.6,47.7,36.0,1080.5,353.72,0,Normal
2026-03-09 12:45:00,593.0,5.92,11.87,1409.7,31.9,40.4,36.0,1087.8,371.11,0,Normal
2026-03-09 13:00:00,544.9,7.18,12.99,1357.5,29.4,45.9,33.0,1034.0,329.7,0,Normal
2026-03-09 13:15:00,585.1,6.32,11.85,1450.2,32.2,47.2,35.8,1086.8,366.28,0,Normal
2026-03-09 13:30:00,594.5,7.14,12.89,1405.0,33.3,52.0,35.7,1101.5,364.34,0,Normal
2026-03-09 13:45:00,570.6,7.03,13.09,1383.3,29.1,41.8,33.7,1021.0,340.2,0,Normal
2026-03-09 14:00:00,552.3,6.38,12.72,1344.2,28.7,35.6,31.2,969.4,313.42,0,Normal
2026-03-09 14:15:00,511.5,6.3,12.1,1212.6,31.2,49.1,35.9,1094.1,321.89,0,Normal
2026-03-09 14:30:00,505.1,6.82,12.71,1174.9,31.1,56.3,35.6,1077.9,310.09,0,Normal
2026-03-09 14:45:00,546.7,6.4,12.54,1311.8,27.6,54.9,34.9,1060.2,330.53,0,Normal
2026-03-09 15:00:00,523.3,6.74,12.38,1251.7,27.4,51.7,33.2,1006.3,320.01,0,Normal
2026-03-09 15:15:00,490.5,6.53,12.4,1166.2,27.2,49.8,34.3,1057.4,287.17,0,Normal
2026-03-09 15:30:00,467.8,6.08,11.63,1133.9,25.2,56.1,33.5,1038.9,278.66,0,Normal
2026-03-09 15:45:00,413.8,5.92,11.76,974.4,25.3,50.0,34.6,1073.8,262.23,0,Normal
2026-03-09 16:00:00,423.2,6.78,12.46,986.9,24.7,56.9,34.8,1069.6,259.98,0,Normal
2026-03-09 16:15:00,482.8,6.5,12.34,1161.4,24.6,58.2,34.4,1056.7,292.54,0,Normal
2026-03-09 16:30:00,387.5,6.51,11.89,939.6,25.2,61.6,34.0,1068.8,235.95,0,Normal
2026-03-09 16:45:00,408.3,6.94,12.74,950.5,25.1,69.6,36.0,1074.3,253.36,0,Normal
2026-03-09 17:00:00,412.5,7.11,13.26,1013.2,26.5,61.4,33.6,1050.6,233.38,0,Normal
2026-03-09 17:15:00,339.4,6.6,11.83,770.2,22.2,59.1,31.6,973.8,194.79,0,Normal
2026-03-09 17:30:00,358.6,6.58,12.01,846.1,24.6,62.3,34.0,1038.0,229.1,0,Normal
2026-03-09 17:45:00,360.5,6.88,12.45,858.6,22.2,56.6,34.3,1040.1,212.24,0,Normal
2026-03-09 18:00:00,320.3,6.23,11.86,752.8,21.9,62.2,32.7,1034.4,188.0,0,Normal
2026-03-09 18:15:00,391.7,6.78,12.22,926.0,22.5,64.7,33.1,1031.4,228.35,0,Normal
2026-03-09 18:30:00,278.3,6.89,11.54,714.7,19.2,65.5,30.7,980.5,273.61,1,power_surge
2026-03-09 18:45:00,346.5,6.94,12.77,810.3,20.9,69.5,33.7,1028.6,202.43,0,Normal
2026-03-09 19:00:00,315.7,6.02,20.08,361.6,20.0,66.9,33.1,1027.9,193.45,1,flow_choke
2026-03-09 19:15:00,339.3,6.43,11.48,825.2,20.0,75.9,33.7,867.3,342.47,1,refrigerant_leak
2026-03-09 19:30:00,331.0,6.39,11.7,796.8,19.2,72.7,31.9,1012.5,200.56,0,Normal
2026-03-09 19:45:00,301.7,6.73,12.53,735.9,21.9,73.8,33.2,1019.0,171.09,0,Normal
2026-03-09 20:00:00,325.7,6.87,12.68,845.0,16.8,73.7,30.4,993.9,183.0,0,Normal
2026-03-09 20:15:00,273.6,7.22,12.81,631.7,16.5,76.7,31.6,974.7,278.98,1,power_surge
2026-03-09 20:30:00,335.1,6.53,11.95,776.2,15.9,80.5,30.7,968.5,196.55,0,Normal
2026-03-09 20:45:00,327.5,6.53,12.0,767.0,15.6,74.7,30.0,991.0,180.26,0,Normal
2026-03-09 21:00:00,336.0,7.1,12.54,807.1,15.0,76.5,30.5,970.2,198.58,0,Normal
2026-03-09 21:15:00,346.5,6.8,12.58,788.3,17.4,78.8,31.7,982.7,211.12,0,Normal
2026-03-09 21:30:00,329.2,7.14,12.38,790.6,17.4,75.5,31.4,999.1,181.85,0,Normal
2026-03-09 21:45:00,323.7,6.8,12.05,819.2,15.0,78.4,31.4,987.8,183.5,0,Normal
2026-03-09 22:00:00,298.0,6.3,11.94,718.9,15.0,80.4,31.2,979.3,169.19,0,Normal
2026-03-09 22:15:00,302.2,6.23,11.63,717.9,15.1,86.4,31.5,980.2,197.7,0,Normal
2026-03-09 22:30:00,349.7,6.16,12.0,823.8,15.0,84.5,31.7,1042.2,201.73,0,Normal
2026-03-09 22:45:00,355.9,6.93,12.28,876.6,15.0,84.7,30.7,977.0,217.11,0,Normal
2026-03-09 23:00:00,314.0,7.12,12.53,733.1,15.0,87.7,31.9,975.9,172.09,0,Normal
2026-03-09 23:15:00,321.2,7.35,12.56,816.9,15.0,84.1,31.6,1021.7,177.1,0,Normal
2026-03-09 23:30:00,297.4,7.0,12.39,762.1,15.9,86.4,30.9,992.7,164.87,0,Normal
2026-03-09 23:45:00,349.3,7.11,12.24,844.8,16.2,84.5,32.9,1014.9,198.94,0,Normal
2026-03-10 00:00:00,336.6,6.5,11.85,807.6,15.0,86.1,30.9,971.0,192.32,0,Normal
2026-03-10 00:15:00,368.5,6.3,11.47,910.2,15.0,82.6,31.4,1005.9,209.43,0,Normal
2026-03-10 00:30:00,298.0,7.0,12.57,742.7,15.0,75.1,31.7,997.6,166.27,0,Normal
2026-03-10 00:45:00,310.5,6.85,12.45,725.2,15.0,84.1,32.2,983.8,191.14,0,Normal
2026-03-10 01:00:00,325.8,6.74,11.76,768.7,15.0,90.0,32.0,1034.3,200.23,0,Normal
2026-03-10 01:15:00,336.2,6.84,12.64,773.7,17.0,87.6,32.4,1009.2,204.9,0,Normal
2026-03-10 01:30:00,314.6,6.81,12.87,765.3,15.0,87.3,32.5,1041.1,189.28,0,Normal
2026-03-10 01:45:00,298.2,7.15,12.56,732.3,15.0,87.9,32.3,1034.1,174.86,0,Normal
2026-03-10 02:00:00,342.0,7.15,12.48,787.1,15.0,82.7,30.9,968.7,191.53,0,Normal
2026-03-10 02:15:00,338.0,6.89,13.07,799.9,15.0,82.4,30.7,995.7,185.88,0,Normal
2026-03-10 02:30:00,297.1,7.0,12.06,679.3,15.2,78.4,29.5,943.6,169.55,0,Normal
2026-03-10 02:45:00,353.9,6.88,12.39,826.9,18.3,78.8,32.7,994.2,199.1,0,Normal
2026-03-10 03:00:00,349.3,6.54,12.08,852.0,15.2,81.6,31.3,986.8,194.81,0,Normal
2026-03-10 03:15:00,323.4,6.96,12.75,757.7,16.7,83.0,33.1,1037.1,200.64,0,Normal
2026-03-10 03:30:00,322.0,6.21,11.75,765.3,16.8,76.6,32.0,1000.6,204.86,0,Normal
2026-03-10 03:45:00,333.9,7.07,12.41,760.6,19.1,74.3,33.6,1037.6,201.93,0,Normal
2026-03-10 04:00:00,298.5,6.28,11.44,721.0,21.5,75.0,33.1,1049.6,187.41,0,Normal
2026-03-10 04:15:00,320.8,6.8,12.16,768.7,17.4,76.3,32.9,1028.1,187.76,0,Normal
2026-03-10 04:30:00,266.2,6.4,11.48,620.6,18.0,66.9,31.0,974.6,143.51,0,Normal
2026-03-10 04:45:00,341.9,6.89,12.39,815.9,20.8,62.2,33.0,1039.5,207.21,0,Normal
2026-03-10 05:00:00,281.0,6.69,11.91,678.8,20.8,68.0,31.6,1003.3,168.1,0,Normal
2026-03-10 05:15:00,357.6,6.14,11.28,837.8,23.1,64.0,33.7,1006.9,216.67,0,Normal
2026-03-10 05:30:00,311.7,6.85,22.88,711.3,21.8,65.6,31.5,1002.7,178.61,1,sensor_drift
2026-03-10 05:45:00,314.7,6.5,11.8,800.4,20.9,65.7,32.5,1023.6,326.29,1,power_surge
2026-03-10 06:00:00,304.3,7.01,12.1,714.5,22.9,63.2,33.7,1045.0,173.76,0,Normal
2026-03-10 06:15:00,329.8,6.7,12.12,789.1,24.2,69.5,34.0,1065.3,192.48,0,Normal
2026-03-10 06:30:00,389.4,6.84,12.43,959.8,24.3,63.7,33.2,1023.9,223.3,0,Normal
2026-03-10 06:45:00,308.5,6.36,16.58,452.0,24.4,62.3,34.6,1070.0,189.01,1,flow_choke
2026-03-10 07:00:00,419.2,6.49,12.22,975.0,25.8,62.3,34.5,1038.5,246.25,0,Normal
2026-03-10 07:15:00,412.0,6.54,11.9,1000.1,26.5,54.0,33.8,1053.8,242.62,0,Normal
2026-03-10 07:30:00,389.3,7.0,13.01,916.7,27.3,61.5,35.3,1107.2,231.89,0,Normal
2026-03-10 07:45:00,408.1,7.29,13.03,966.0,26.7,55.9,36.0,1079.1,248.52,0,Normal
2026-03-10 08:00:00,491.9,6.42,12.1,1162.6,26.0,57.7,35.2,1066.2,290.61,0,Normal
2026-03-10 08:15:00,440.8,7.08,12.57,1029.8,26.9,49.6,35.0,1062.3,268.51,0,Normal
2026-03-10 08:30:00,449.4,5.94,11.61,1077.6,29.0,46.6,35.1,1077.0,287.75,0,Normal
2026-03-10 08:45:00,519.9,6.28,12.27,1210.8,26.4,55.1,34.4,1043.9,317.73,0,Normal
2026-03-10 09:00:00,512.3,6.36,12.18,1253.2,28.6,52.4,33.1,1038.5,318.42,0,Normal
2026-03-10 09:15:00,492.0,6.23,11.96,1182.2,27.8,46.4,33.7,1056.7,307.52,0,Normal
2026-03-10 09:30:00,531.7,6.15,12.02,1286.6,28.8,45.7,34.2,1063.8,329.83,0,Normal
2026-03-10 09:45:00,510.5,6.84,12.51,1213.6,31.0,52.9,34.7,1038.9,310.26,0,Normal
2026-03-10 10:00:00,572.7,6.63,12.48,1365.3,29.6,42.9,33.8,1062.7,344.6,0,Normal
2026-03-10 10:15:00,579.7,6.83,12.27,1398.5,29.7,53.6,34.1,868.6,460.59,1,refrigerant_leak
2026-03-10 10:30:00,573.5,6.94,13.13,1347.3,27.8,42.9,33.9,1061.7,340.57,0,Normal
2026-03-10 10:45:00,575.2,6.79,12.82,1371.6,31.2,48.6,36.0,1099.6,340.59,0,Normal
2026-03-10 11:00:00,615.2,6.93,12.77,1454.9,31.2,44.4,36.0,1097.3,383.55,0,Normal
2026-03-10 11:15:00,575.0,6.68,13.1,1357.7,33.6,47.8,36.0,1109.5,347.02,0,Normal
2026-03-10 11:30:00,548.2,6.28,12.2,1263.0,30.0,43.0,34.2,1083.2,325.01,0,Normal
2026-03-10 11:45:00,590.7,7.07,12.79,1451.1,30.8,44.4,33.9,1033.9,353.11,0,Normal
2026-03-10 12:00:00,632.2,6.49,12.77,1500.0,30.9,45.2,34.1,1069.3,381.48,0,Normal
2026-03-10 12:15:00,554.1,6.37,12.38,1358.9,32.8,41.0,35.0,1072.3,328.77,0,Normal
2026-03-10 12:30:00,568.7,6.64,12.67,1391.7,30.3,48.1,34.8,1065.6,347.75,0,Normal
2026-03-10 12:45:00,585.4,6.38,12.24,1372.8,30.8,43.3,35.2,1053.3,367.63,0,Normal
2026-03-10 13:00:00,569.8,6.55,12.61,1340.3,31.1,44.8,34.8,1063.4,338.48,0,Normal
2026-03-10 13:15:00,541.6,6.82,12.64,1364.0,30.3,42.1,35.3,1063.7,341.64,0,Normal
2026-03-10 13:30:00,588.3,6.82,12.94,1455.6,29.2,36.3,33.8,1040.8,340.31,0,Normal
2026-03-10 13:45:00,611.2,6.39,11.93,1466.1,29.9,46.3,35.2,1059.8,392.64,0,Normal
2026-03-10 14:00:00,550.1,6.53,12.32,1326.6,31.0,57.3,36.0,1087.3,338.03,0,Normal
2026-03-10 14:15:00,513.6,7.08,13.33,1216.8,27.5,51.5,33.6,1035.5,306.82,0,Normal
2026-03-10 14:30:00,487.5,6.87,12.46,1180.9,28.9,49.1,35.3,1080.1,282.99,0,Normal
2026-03-10 14:45:00,521.9,7.43,13.12,1234.7,27.3,48.9,34.2,1031.2,311.42,0,Normal
2026-03-10 15:00:00,531.4,7.11,12.86,1224.7,29.8,50.9,35.2,1055.6,325.43,0,Normal
2026-03-10 15:15:00,503.3,7.1,12.6,1174.9,25.3,54.0,34.4,1065.5,302.42,0,Normal
2026-03-10 15:30:00,478.2,6.21,11.42,1148.3,26.3,48.1,34.4,1047.7,287.02,0,Normal
2026-03-10 15:45:00,449.7,6.97,12.61,1051.0,27.3,58.3,34.2,1071.2,262.88,0,Normal
2026-03-10 16:00:00,422.7,6.68,12.36,1012.8,28.6,57.9,35.4,1083.5,268.45,0,Normal
2026-03-10 16:15:00,455.9,6.51,12.21,1067.2,25.7,59.0,34.5,1070.7,277.36,0,Normal
2026-03-10 16:30:00,442.3,6.76,12.41,1042.1,24.4,59.1,33.5,1061.4,276.53,0,Normal
2026-03-10 16:45:00,364.9,7.03,12.57,897.2,27.6,58.6,35.6,1079.9,219.31,0,Normal
2026-03-10 17:00:00,427.0,6.88,19.59,1031.1,22.0,62.5,33.1,1023.9,249.86,1,sensor_drift
2026-03-10 17:15:00,385.1,6.39,23.71,923.9,20.4,63.5,33.7,1057.7,238.4,1,sensor_drift
2026-03-10 17:30:00,388.9,6.96,12.39,955.4,23.8,61.0,32.3,1023.2,214.86,0,Normal
2026-03-10 17:45:00,303.5,6.48,11.81,740.3,21.8,61.4,32.6,1018.6,170.01,0,Normal
2026-03-10 18:00:00,285.9,6.78,20.78,722.2,20.5,65.4,31.7,1022.8,175.15,1,sensor_drift
2026-03-10 18:15:00,316.3,6.59,12.38,747.6,22.5,72.5,34.4,1056.7,182.43,0,Normal
2026-03-10 18:30:00,332.6,6.62,11.93,787.4,21.3,62.7,31.3,993.1,178.21,0,Normal
2026-03-10 18:45:00,364.9,6.97,12.52,843.3,19.5,63.0,32.1,1010.3,227.89,0,Normal
2026-03-10 19:00:00,337.7,6.34,11.9,799.6,17.9,70.8,31.2,845.7,322.72,1,refrigerant_leak
2026-03-10 19:15:00,313.9,7.38,12.56,777.6,20.6,71.6,32.4,1017.8,184.4,0,Normal
2026-03-10 19:30:00,294.3,6.06,11.46,738.9,19.7,73.3,31.6,1020.0,173.31,0,Normal
2026-03-10 19:45:00,350.8,6.49,11.63,865.8,18.1,74.8,31.8,1009.4,182.61,0,Normal
2026-03-10 20:00:00,295.9,6.83,11.78,665.3,20.5,74.1,34.0,1052.1,175.75,0,Normal
2026-03-10 20:15:00,360.7,6.9,12.52,892.8,15.7,82.1,31.6,996.9,212.76,0,Normal
2026-03-10 20:30:00,312.9,6.66,11.99,705.0,15.0,70.8,30.9,989.6,183.1,0,Normal
2026-03-10 20:45:00,359.8,6.68,12.25,885.9,15.4,74.9,32.2,1024.2,218.48,0,Normal
2026-03-10 21:00:00,337.0,6.84,12.31,799.5,15.9,78.7,31.7,1010.1,192.7,0,Normal
2026-03-10 21:15:00,316.6,6.62,11.81,777.3,16.0,73.5,30.6,973.3,187.41,0,Normal
2026-03-10 21:30:00,307.0,7.19,12.59,703.5,15.0,80.2,31.5,1002.9,171.62,0,Normal
2026-03-10 21:45:00,311.5,6.99,12.11,776.8,15.5,88.3,31.6,1006.3,169.07,0,Normal
2026-03-10 22:00:00,330.7,7.01,12.81,757.1,15.0,82.4,30.9,970.1,179.26,0,Normal
2026-03-10 22:15:00,321.9,6.36,11.47,755.9,16.5,83.9,30.9,987.7,174.66,0,Normal
2026-03-10 22:30:00,305.2,6.67,12.03,707.4,15.0,78.4,31.8,970.5,186.07,0,Normal
2026-03-10 22:45:00,315.9,6.59,19.02,714.2,15.6,81.5,31.2,998.9,170.92,1,sensor_drift
2026-03-10 23:00:00,322.0,6.35,11.93,775.1,15.0,82.8,31.5,1007.6,190.21,0,Normal
2026-03-10 23:15:00,266.8,6.83,12.08,685.4,15.0,83.3,30.6,988.9,150.47,0,Normal
2026-03-10 23:30:00,331.5,6.51,11.85,862.2,15.0,90.0,32.3,1008.4,194.46,0,Normal
2026-03-10 23:45:00,295.5,6.93,12.53,711.6,15.0,87.2,31.1,993.6,181.0,0,Normal
2026-03-11 00:00:00,291.2,6.33,11.72,726.7,15.0,80.6,31.1,1009.6,165.49,0,Normal
2026-03-11 00:15:00,277.8,7.3,12.79,672.6,15.5,85.9,32.6,1041.2,167.33,0,Normal
2026-03-11 00:30:00,275.2,6.39,19.57,364.2,15.0,86.8,32.3,1014.6,162.78,1,flow_choke
2026-03-11 00:45:00,286.1,6.78,11.8,678.1,15.0,89.2,31.9,1007.2,165.66,0,Normal
2026-03-11 01:00:00,302.3,6.98,12.41,730.3,15.0,90.6,30.6,994.3,190.9,0,Normal
2026-03-11 01:15:00,368.8,6.5,11.96,898.6,16.1,79.9,34.0,1029.2,211.26,0,Normal
2026-03-11 01:30:00,306.9,7.0,12.57,722.0,15.0,80.2,32.6,1015.3,190.53,0,Normal
2026-03-11 01:45:00,324.4,6.27,11.7,776.7,17.1,77.9,32.5,1038.7,197.62,0,Normal
2026-03-11 02:00:00,330.0,7.21,12.72,790.6,15.0,81.4,30.7,993.8,184.05,0,Normal
2026-03-11 02:15:00,323.3,6.7,17.24,428.6,15.0,83.5,31.3,999.3,200.34,1,flow_choke
2026-03-11 02:30:00,318.1,6.49,19.27,736.7,15.4,84.8,31.3,970.4,169.98,1,sensor_drift
2026-03-11 02:45:00,290.1,6.6,11.93,695.0,15.0,79.7,32.1,1010.3,166.16,0,Normal
2026-03-11 03:00:00,356.3,6.98,12.67,902.9,17.3,77.9,32.2,1003.5,198.52,0,Normal
2026-03-11 03:15:00,365.2,6.5,11.82,905.5,15.4,78.8,30.6,983.2,213.28,0,Normal
2026-03-11 03:30:00,277.9,0.4,11.87,700.8,16.2,73.8,30.8,970.1,151.49,1,sensor_drift
2026-03-11 03:45:00,294.4,6.62,11.69,707.2,15.0,84.5,32.4,1001.3,176.91,0,Normal
2026-03-11 04:00:00,313.0,6.29,11.83,759.2,17.1,68.6,32.4,986.7,183.92,0,Normal
2026-03-11 04:15:00,295.9,7.34,12.64,735.2,15.0,74.6,31.9,1025.0,167.52,0,Normal
2026-03-11 04:30:00,332.6,6.5,11.97,837.4,16.4,80.7,32.4,1011.3,199.51,0,Normal
2026-03-11 04:45:00,301.8,6.99,12.57,675.5,20.4,71.5,32.7,1025.4,175.46,0,Normal
2026-03-11 05:00:00,374.1,6.77,12.01,865.0,21.0,69.4,30.4,973.6,204.85,0,Normal
2026-03-11 05:15:00,349.8,6.36,11.68,872.2,21.0,67.5,33.1,1015.1,415.88,1,power_surge
2026-03-11 05:30:00,325.3,6.7,12.26,773.8,19.4,66.9,32.1,991.2,186.7,0,Normal
2026-03-11 05:45:00,345.7,6.97,12.99,812.8,21.4,71.8,33.5,1024.6,188.02,0,Normal
2026-03-11 06:00:00,347.6,6.63,12.09,803.0,22.0,56.2,32.4,1006.5,198.13,0,Normal
2026-03-11 06:15:00,322.9,7.12,12.71,761.1,20.8,69.8,31.9,1011.2,177.34,0,Normal
2026-03-11 06:30:00,333.5,7.06,12.5,765.4,25.4,56.7,34.4,1047.6,207.52,0,Normal
2026-03-11 06:45:00,372.7,7.02,13.05,946.7,25.0,60.0,34.5,1089.0,227.66,0,Normal
2026-03-11 07:00:00,408.8,6.54,11.72,980.6,23.9,58.1,33.9,1065.0,249.66,0,Normal
2026-03-11 07:15:00,407.1,6.32,11.96,975.5,24.8,60.9,34.8,1079.9,246.11,0,Normal
2026-03-11 07:30:00,380.1,6.49,11.64,926.9,25.6,51.0,34.1,1050.6,227.49,0,Normal
2026-03-11 07:45:00,414.9,6.77,11.77,1019.9,22.7,58.0,32.5,1042.0,241.4,0,Normal
2026-03-11 08:00:00,448.2,6.89,12.66,1099.2,25.9,63.1,34.6,1061.4,270.86,0,Normal
2026-03-11 08:15:00,462.6,5.94,11.7,1137.0,25.7,48.4,33.5,1040.0,286.24,0,Normal
2026-03-11 08:30:00,527.6,6.7,12.48,1250.4,25.7,53.6,33.9,1051.9,320.0,0,Normal
2026-03-11 08:45:00,456.8,6.76,12.44,1088.8,27.2,49.2,35.0,1082.3,282.53,0,Normal
2026-03-11 09:00:00,516.5,6.6,13.21,1258.8,30.7,52.6,36.0,1103.6,324.15,0,Normal
2026-03-11 09:15:00,552.7,7.15,12.99,1313.3,29.4,50.0,36.0,1086.9,347.11,0,Normal
2026-03-11 09:30:00,583.1,6.85,12.94,1399.2,27.9,46.6,36.0,1086.0,362.52,0,Normal
2026-03-11 09:45:00,526.1,7.16,12.85,1272.5,29.9,50.3,35.6,1094.1,324.5,0,Normal
2026-03-11 10:00:00,557.5,6.62,12.61,1357.5,31.5,54.9,33.5,1050.5,343.02,0,Normal
2026-03-11 10:15:00,567.4,7.03,12.9,1317.4,31.0,46.3,36.0,1088.1,344.37,0,Normal
2026-03-11 10:30:00,565.1,7.27,13.1,1374.1,29.9,49.4,35.0,1048.6,335.4,0,Normal
2026-03-11 10:45:00,563.7,7.16,13.54,1347.1,29.1,40.9,33.7,1041.8,326.34,0,Normal
2026-03-11 11:00:00,582.0,6.32,12.58,1414.6,31.3,41.9,35.1,1083.9,359.19,0,Normal
2026-03-11 11:15:00,511.7,6.61,12.47,1247.5,30.9,47.3,35.3,1106.9,299.46,0,Normal
2026-03-11 11:30:00,594.8,6.58,11.99,1467.8,31.8,51.1,36.0,1076.0,372.54,0,Normal
2026-03-11 11:45:00,582.6,6.87,12.75,1432.1,31.4,46.5,34.6,1057.8,352.08,0,Normal
2026-03-11 12:00:00,574.4,6.94,13.56,1412.3,32.1,43.7,35.1,1068.2,358.97,0,Normal
2026-03-11 12:15:00,630.6,6.41,12.41,1549.6,29.7,45.0,35.2,1097.9,382.47,0,Normal
2026-03-11 12:30:00,560.9,6.72,12.92,1353.5,32.4,40.2,36.0,1093.5,345.49,0,Normal
2026-03-11 12:45:00,564.9,5.99,12.28,1356.6,30.6,47.8,36.0,1080.4,362.09,0,Normal
2026-03-11 13:00:00,620.9,7.2,13.3,1512.1,33.3,49.2,36.0,1102.4,392.79,0,Normal
2026-03-11 13:15:00,545.4,6.52,12.2,1327.3,29.0,44.3,33.8,1040.9,322.89,0,Normal
2026-03-11 13:30:00,546.5,6.72,12.0,1303.8,32.5,44.6,35.8,1070.7,338.59,0,Normal
2026-03-11 13:45:00,549.5,6.59,12.66,1328.9,29.9,48.1,35.5,1070.0,340.73,0,Normal
2026-03-11 14:00:00,566.2,7.1,12.83,1358.0,28.4,45.9,35.6,1112.2,349.8,0,Normal
2026-03-11 14:15:00,541.4,5.71,11.63,1278.0,28.3,48.1,33.0,1034.5,323.64,0,Normal
2026-03-11 14:30:00,494.0,6.69,12.17,1217.8,28.3,57.5,35.1,1077.2,312.47,0,Normal
2026-03-11 14:45:00,502.2,6.66,12.4,1206.6,29.0,49.0,33.9,1045.4,287.01,0,Normal
2026-03-11 15:00:00,488.7,6.54,12.33,1224.0,28.8,49.4,33.6,1046.6,289.79,0,Normal
2026-03-11 15:15:00,489.5,7.3,13.15,1134.2,26.7,49.2,34.7,1071.2,298.88,0,Normal
2026-03-11 15:30:00,488.9,6.39,11.89,1159.5,27.1,55.8,35.1,1079.3,303.93,0,Normal
2026-03-11 15:45:00,474.9,6.97,13.02,1140.6,29.9,53.2,36.0,1095.7,303.72,0,Normal
2026-03-11 16:00:00,405.6,6.82,12.29,1001.9,28.8,52.4,42.9,1340.9,394.24,1,condenser_fouling
2026-03-11 16:15:00,461.6,7.14,12.45,1117.8,26.4,61.4,34.4,1060.3,275.52,0,Normal
2026-03-11 16:30:00,425.8,6.47,12.09,1029.7,25.3,63.0,34.1,1038.2,267.91,0,Normal
2026-03-11 16:45:00,438.2,6.44,12.13,1023.5,24.9,56.2,35.5,1073.0,264.46,0,Normal
2026-03-11 17:00:00,398.4,7.08,12.72,927.2,25.1,52.4,33.3,1006.2,243.62,0,Normal
2026-03-11 17:15:00,398.3,6.85,12.79,963.9,22.1,65.1,33.8,1076.1,377.84,1,power_surge
2026-03-11 17:30:00,365.6,6.16,11.63,843.3,22.7,59.7,33.0,1042.5,228.41,0,Normal
2026-03-11 17:45:00,370.7,6.51,12.02,876.3,20.1,66.9,30.9,971.8,214.81,0,Normal
2026-03-11 18:00:00,333.1,6.84,12.03,811.9,22.6,57.1,31.1,984.5,189.28,0,Normal
2026-03-11 18:15:00,317.6,6.99,12.63,737.6,22.4,69.9,33.2,1024.5,176.04,0,Normal
2026-03-11 18:30:00,376.8,6.46,12.06,944.5,20.2,62.8,32.9,1051.4,226.71,0,Normal
2026-03-11 18:45:00,342.2,5.68,11.06,851.9,22.7,71.8,34.6,1042.4,201.81,0,Normal
2026-03-11 19:00:00,334.3,6.88,11.88,763.1,18.0,70.2,32.4,1019.0,189.97,0,Normal
2026-03-11 19:15:00,288.1,6.27,12.01,668.1,17.1,67.6,30.3,969.9,155.91,0,Normal
2026-03-11 19:30:00,287.8,5.99,11.06,633.6,19.1,71.0,33.6,1054.0,170.24,0,Normal
2026-03-11 19:45:00,327.3,5.71,11.02,766.0,19.8,76.6,32.3,1012.3,194.78,0,Normal
2026-03-11 20:00:00,323.6,6.98,12.52,795.9,20.3,75.4,33.3,1010.2,194.4,0,Normal
2026-03-11 20:15:00,304.6,6.75,11.86,720.8,16.6,78.4,31.7,998.5,172.62,0,Normal
2026-03-11 20:30:00,323.5,6.62,20.16,292.4,18.4,85.1,33.0,1014.2,200.71,1,flow_choke
2026-03-11 20:45:00,359.7,7.19,12.17,825.3,16.3,71.9,32.2,1013.0,207.84,0,Normal
2026-03-11 21:00:00,337.4,6.92,12.58,829.7,15.7,85.6,31.4,1015.8,188.62,0,Normal
2026-03-11 21:15:00,291.5,7.27,12.51,685.7,16.9,80.5,31.0,959.9,168.4,0,Normal
2026-03-11 21:30:00,317.2,6.21,12.38,761.6,16.2,77.3,31.5,985.3,201.27,0,Normal
2026-03-11 21:45:00,299.9,6.69,11.84,717.4,15.0,76.3,30.5,968.2,174.42,0,Normal
2026-03-11 22:00:00,310.3,6.13,11.32,712.9,16.9,81.6,41.1,1280.4,280.34,1,condenser_fouling
2026-03-11 22:15:00,309.7,6.62,11.9,714.4,16.4,86.6,32.9,1037.9,171.45,0,Normal
2026-03-11 22:30:00,308.1,6.61,12.09,763.5,15.0,83.0,31.1,985.2,176.24,0,Normal
2026-03-11 22:45:00,288.6,6.92,12.18,702.7,15.0,90.0,31.1,995.0,168.0,0,Normal
2026-03-11 23:00:00,316.8,6.72,12.3,786.6,15.0,78.5,29.5,945.4,175.55,0,Normal
2026-03-11 23:15:00,306.0,6.92,12.09,742.5,15.0,84.6,35.5,1187.5,278.06,1,condenser_fouling
2026-03-11 23:30:00,246.8,6.95,11.89,595.8,15.0,79.8,31.2,1003.1,135.43,0,Normal
2026-03-11 23:45:00,371.3,7.45,12.55,848.0,15.0,86.4,32.8,1014.3,229.04,0,Normal
2026-03-12 00:00:00,347.2,6.59,11.53,826.6,15.0,88.5,32.7,1035.4,217.1,0,Normal
2026-03-12 00:15:00,310.6,6.37,11.66,744.7,15.3,83.3,31.7,1002.8,174.75,0,Normal
2026-03-12 00:30:00,320.5,6.79,12.15,818.0,15.0,74.4,30.4,990.2,354.29,1,power_surge
2026-03-12 00:45:00,290.7,6.42,11.64,714.9,15.0,85.4,37.2,1267.8,257.8,1,condenser_fouling
2026-03-12 01:00:00,362.4,7.22,13.05,908.1,15.0,86.1,31.2,864.2,330.35,1,refrigerant_leak
2026-03-12 01:15:00,367.4,6.6,12.44,896.8,15.0,85.6,33.0,1028.2,220.26,0,Normal
2026-03-12 01:30:00,323.9,6.5,11.87,759.6,15.9,88.4,32.1,1007.9,197.83,0,Normal
2026-03-12 01:45:00,345.6,6.54,11.58,832.3,15.0,78.7,31.0,989.8,185.93,0,Normal
2026-03-12 02:00:00,324.4,6.95,12.26,784.4,15.0,85.0,29.8,968.3,188.39,0,Normal
2026-03-12 02:15:00,286.6,6.64,11.87,664.3,15.0,86.4,31.5,978.6,166.53,0,Normal
2026-03-12 02:30:00,309.7,6.48,11.73,733.7,15.0,73.8,31.3,1014.9,186.81,0,Normal
2026-03-12 02:45:00,323.3,7.28,12.56,770.8,17.4,81.3,31.5,968.5,193.38,0,Normal
2026-03-12 03:00:00,308.6,1.11,11.65,780.9,15.3,77.1,30.4,964.4,177.81,1,sensor_drift
2026-03-12 03:15:00,314.5,6.71,12.04,702.9,16.9,77.9,32.5,1016.8,180.45,0,Normal
2026-03-12 03:30:00,317.7,6.93,12.2,792.7,16.8,78.6,30.6,985.0,187.84,0,Normal
2026-03-12 03:45:00,318.0,6.13,11.62,739.7,18.0,74.2,32.9,1050.5,189.46,0,Normal
2026-03-12 04:00:00,321.3,6.87,12.4,736.8,17.9,72.3,31.4,967.2,178.89,0,Normal
2026-03-12 04:15:00,293.5,6.33,11.49,733.9,16.3,74.0,30.9,977.8,162.64,0,Normal
2026-03-12 04:30:00,302.1,6.99,12.71,743.3,20.2,68.3,31.7,969.1,163.33,0,Normal
2026-03-12 04:45:00,287.9,6.36,11.49,722.3,18.5,67.1,32.0,1008.6,165.19,0,Normal
2026-03-12 05:00:00,344.4,6.94,12.03,846.7,17.5,72.9,33.7,1047.7,214.49,0,Normal
2026-03-12 05:15:00,267.4,7.09,12.52,693.2,19.7,64.3,32.6,1045.5,158.4,0,Normal
2026-03-12 05:30:00,348.8,7.0,20.31,349.4,23.1,70.3,33.3,1038.7,202.94,1,flow_choke
2026-03-12 05:45:00,354.7,6.79,12.38,847.3,22.7,68.2,34.6,1079.2,221.46,0,Normal
2026-03-12 06:00:00,312.4,6.62,11.44,758.4,21.5,58.1,32.1,1018.0,176.51,0,Normal
2026-03-12 06:15:00,271.9,6.5,12.19,683.7,22.0,61.0,33.9,1042.2,164.69,0,Normal
2026-03-12 06:30:00,344.9,7.21,12.87,808.3,22.6,67.2,34.2,840.5,355.16,1,refrigerant_leak
2026-03-12 06:45:00,369.1,6.46,11.62,869.6,26.8,57.2,32.3,1017.9,223.79,0,Normal
2026-03-12 07:00:00,362.0,6.34,11.49,861.1,24.8,58.0,40.5,1270.1,341.57,1,condenser_fouling
2026-03-12 07:15:00,390.7,6.93,12.93,885.1,25.4,60.4,35.0,1092.1,230.99,0,Normal
2026-03-12 07:30:00,457.8,6.42,11.95,1102.1,26.8,60.5,35.0,1070.5,267.53,0,Normal
2026-03-12 07:45:00,451.6,6.37,11.86,1036.7,26.1,55.1,33.3,1054.9,268.59,0,Normal
2026-03-12 08:00:00,426.9,6.19,11.28,1025.9,25.9,52.6,33.3,1029.6,266.14,0,Normal
2026-03-12 08:15:00,424.5,6.53,12.09,1040.5,26.4,59.6,33.1,1036.4,249.02,0,Normal
2026-03-12 08:30:00,470.1,6.67,12.35,1116.3,27.1,59.8,34.9,936.5,419.79,1,refrigerant_leak
2026-03-12 08:45:00,486.1,6.79,12.74,1208.6,27.5,55.7,36.0,1093.3,307.54,0,Normal
2026-03-12 09:00:00,516.3,7.03,12.52,1202.5,29.1,51.2,35.8,1084.0,325.95,0,Normal
2026-03-12 09:15:00,502.1,6.88,12.31,1234.8,28.5,46.7,36.0,1099.9,309.33,0,Normal
2026-03-12 09:30:00,539.1,6.63,12.62,1310.6,29.8,45.8,35.8,1075.8,338.57,0,Normal
2026-03-12 09:45:00,584.6,6.63,12.85,1360.0,28.9,50.5,35.9,1073.4,353.03,0,Normal
2026-03-12 10:00:00,565.6,6.88,12.42,1425.1,29.5,49.4,36.0,1112.6,360.27,0,Normal
2026-03-12 10:15:00,552.0,7.15,13.32,1323.2,26.6,52.7,34.5,1072.6,349.75,0,Normal
2026-03-12 10:30:00,555.6,6.74,12.66,1311.6,31.2,49.1,35.8,1091.4,347.13,0,Normal
2026-03-12 10:45:00,557.3,6.54,12.72,1302.3,30.6,40.0,35.8,1114.4,328.08,0,Normal
2026-03-12 11:00:00,600.7,6.35,12.34,1436.1,31.7,49.9,36.0,1090.0,369.14,0,Normal
2026-03-12 11:15:00,559.3,6.19,11.48,1339.2,26.0,41.4,32.6,1041.3,337.5,0,Normal
2026-03-12 11:30:00,578.9,2.0,12.85,1391.9,33.6,43.6,36.0,1096.6,353.85,1,sensor_drift
2026-03-12 11:45:00,580.7,6.9,13.13,1386.3,30.3,46.0,35.4,1066.1,484.33,1,power_surge
2026-03-12 12:00:00,567.5,6.9,19.98,495.6,32.2,53.0,36.0,1121.7,355.01,1,flow_choke
2026-03-12 12:15:00,545.1,6.65,12.45,1298.6,28.9,57.5,36.0,1108.9,332.02,0,Normal
2026-03-12 12:30:00,585.9,7.19,13.12,1357.7,31.3,47.6,34.8,1065.8,354.37,0,Normal
2026-03-12 12:45:00,573.5,6.53,11.75,1372.6,28.8,44.7,36.0,1104.9,348.69,0,Normal
2026-03-12 13:00:00,583.6,7.03,13.42,1341.6,29.3,47.8,34.5,1055.4,350.68,0,Normal
2026-03-12 13:15:00,552.9,6.69,12.37,1335.7,32.9,49.6,36.0,1106.4,337.88,0,Normal
2026-03-12 13:30:00,590.7,6.49,12.59,1393.3,29.6,45.2,34.2,1019.5,367.13,0,Normal
2026-03-12 13:45:00,531.3,6.91,12.75,1279.1,29.9,54.2,36.0,1078.7,344.87,0,Normal
2026-03-12 14:00:00,588.0,6.84,13.13,1444.0,30.7,48.6,35.9,1106.1,351.22,0,Normal
2026-03-12 14:15:00,492.5,6.82,12.71,1158.3,29.8,50.4,34.8,1063.7,283.79,0,Normal
2026-03-12 14:30:00,537.1,6.73,12.54,1315.7,29.0,51.8,35.9,1094.3,329.84,0,Normal
2026-03-12 14:45:00,527.4,6.69,12.32,1254.8,28.9,51.6,35.8,1068.8,313.34,0,Normal
2026-03-12 15:00:00,484.0,7.54,13.5,1205.3,31.6,54.2,36.0,1121.7,296.53,0,Normal
2026-03-12 15:15:00,502.0,7.11,22.51,1195.8,27.5,49.3,35.0,1090.4,310.76,1,sensor_drift
2026-03-12 15:30:00,510.3,6.95,12.93,1203.6,27.5,50.6,33.8,1042.6,316.98,0,Normal
2026-03-12 15:45:00,409.0,6.74,12.08,998.8,28.3,49.5,34.3,1051.4,248.77,0,Normal
2026-03-12 16:00:00,462.6,7.05,13.09,1099.3,27.9,56.8,33.5,1055.5,273.56,0,Normal
2026-03-12 16:15:00,372.7,6.88,12.47,873.4,27.5,59.3,34.1,1082.4,208.2,0,Normal
2026-03-12 16:30:00,395.4,6.71,12.46,936.9,26.2,59.2,36.0,1107.8,244.84,0,Normal
2026-03-12 16:45:00,444.3,6.59,12.3,1065.2,23.0,65.3,34.9,1102.8,271.84,0,Normal
2026-03-12 17:00:00,372.7,6.67,11.78,928.2,26.7,59.8,34.8,1055.0,232.24,0,Normal
2026-03-12 17:15:00,341.4,5.59,10.86,771.0,21.9,63.8,34.3,1045.3,203.96,0,Normal
2026-03-12 17:30:00,349.0,6.77,12.44,838.1,23.6,58.0,33.1,1014.2,203.79,0,Normal
2026-03-12 17:45:00,388.7,6.53,12.15,948.5,21.4,62.1,32.4,1023.6,217.53,0,Normal
2026-03-12 18:00:00,274.2,7.26,12.9,662.9,21.9,67.8,33.3,1039.1,143.88,0,Normal
2026-03-12 18:15:00,293.7,6.71,12.2,737.7,21.9,69.7,33.3,1034.7,166.32,0,Normal
2026-03-12 18:30:00,357.4,6.28,11.56,856.0,21.4,66.4,32.8,1036.5,200.13,0,Normal
2026-03-12 18:45:00,366.4,6.68,12.02,874.8,21.0,68.6,33.8,1066.1,222.87,0,Normal
2026-03-12 19:00:00,317.4,6.33,11.79,776.6,22.2,64.1,33.2,1011.9,185.91,0,Normal
2026-03-12 19:15:00,289.0,6.87,11.67,696.1,19.9,70.0,33.1,834.2,317.36,1,refrigerant_leak
2026-03-12 19:30:00,372.4,6.8,12.76,884.0,18.4,76.2,33.2,1046.0,213.45,0,Normal
2026-03-12 19:45:00,359.9,7.04,12.67,876.6,19.7,76.1,33.3,1028.1,345.72,1,power_surge
2026-03-12 20:00:00,337.0,6.42,12.2,792.4,19.5,77.0,32.2,999.8,210.51,0,Normal
2026-03-12 20:15:00,299.7,6.71,11.72,704.0,15.4,76.3,30.0,979.6,162.13,0,Normal
2026-03-12 20:30:00,318.8,6.22,11.97,751.9,17.7,77.2,32.3,994.5,185.23,0,Normal
2026-03-12 20:45:00,316.0,6.95,12.94,792.2,17.4,75.5,31.8,998.3,171.92,0,Normal
2026-03-12 21:00:00,328.3,6.88,12.01,707.3,15.5,81.9,31.6,1004.7,198.26,0,Normal
2026-03-12 21:15:00,356.3,6.87,12.58,865.0,17.7,81.7,32.5,1009.7,210.51,0,Normal
2026-03-12 21:30:00,342.0,6.7,12.18,821.6,15.0,82.8,33.5,1051.1,197.7,0,Normal
2026-03-12 21:45:00,293.1,6.85,18.05,256.6,15.1,79.5,30.1,958.7,163.23,1,flow_choke
2026-03-12 22:00:00,354.4,7.26,12.89,858.3,15.0,73.7,29.1,965.8,210.21,0,Normal
2026-03-12 22:15:00,327.8,6.6,12.26,798.7,15.0,87.3,32.0,1006.2,191.5,0,Normal
2026-03-12 22:30:00,337.2,6.75,12.07,824.0,15.0,81.6,31.0,996.0,192.73,0,Normal
2026-03-12 22:45:00,356.7,6.32,12.12,789.7,15.0,80.5,31.4,1007.2,200.6,0,Normal
2026-03-12 23:00:00,292.2,6.4,11.36,735.5,16.2,87.1,32.7,1014.0,158.33,0,Normal
2026-03-12 23:15:00,319.1,6.73,11.8,747.4,15.0,83.0,32.4,986.3,186.46,0,Normal
2026-03-12 23:30:00,306.7,7.09,12.53,753.3,15.0,89.1,30.7,984.8,177.57,0,Normal
2026-03-12 23:45:00,280.8,6.61,11.98,692.5,15.0,87.4,31.3,994.0,171.62,0,Normal
2026-03-13 00:00:00,328.7,6.62,11.9,766.9,15.0,87.7,32.1,1018.7,174.84,0,Normal
2026-03-13 00:15:00,382.8,6.56,12.33,935.2,15.0,79.5,31.7,998.7,214.52,0,Normal
2026-03-13 00:30:00,274.0,6.51,11.99,648.0,16.0,89.7,34.1,888.5,270.13,1,refrigerant_leak
2026-03-13 00:45:00,319.2,6.8,12.46,714.3,15.2,85.7,32.4,1047.7,187.65,0,Normal
2026-03-13 01:00:00,336.0,6.18,11.62,835.6,15.0,82.8,31.3,971.6,195.01,0,Normal
2026-03-13 01:15:00,323.1,7.15,12.75,756.0,17.3,84.5,31.8,1015.7,186.39,0,Normal
2026-03-13 01:30:00,317.2,6.47,11.79,739.8,15.6,76.4,30.7,971.2,185.91,0,Normal
2026-03-13 01:45:00,287.5,6.95,12.84,680.0,15.0,84.6,31.0,982.4,158.03,0,Normal
2026-03-13 02:00:00,325.8,6.26,11.5,788.8,15.0,78.2,31.5,993.1,198.02,0,Normal
2026-03-13 02:15:00,301.1,6.93,12.86,721.2,18.4,76.2,32.6,1008.2,180.47,0,Normal
2026-03-13 02:30:00,265.3,6.94,12.27,650.3,15.0,74.8,29.7,966.5,146.85,0,Normal
2026-03-13 02:45:00,349.9,6.83,20.7,806.2,15.0,84.5,31.2,1010.8,214.6,1,sensor_drift
2026-03-13 03:00:00,344.0,6.35,12.18,806.9,17.5,76.6,32.7,1030.5,216.8,0,Normal
2026-03-13 03:15:00,321.3,6.79,12.26,768.2,20.1,84.3,34.1,890.4,291.64,1,refrigerant_leak
2026-03-13 03:30:00,325.7,6.29,11.95,829.2,18.9,75.0,33.0,1013.9,170.23,0,Normal
2026-03-13 03:45:00,346.9,6.61,12.41,829.6,18.1,69.3,32.0,1015.8,215.83,0,Normal
2026-03-13 04:00:00,325.6,7.06,12.6,808.6,18.6,70.5,33.3,1069.0,199.55,0,Normal
2026-03-13 04:15:00,342.6,6.98,12.32,823.2,19.5,78.8,33.3,1029.7,219.39,0,Normal
2026-03-13 04:30:00,312.6,6.71,12.37,738.1,19.9,72.0,32.4,1011.0,193.82,0,Normal
2026-03-13 04:45:00,352.8,6.36,11.86,840.6,19.7,69.2,31.7,992.4,219.06,0,Normal
2026-03-13 05:00:00,328.0,6.93,12.55,783.0,20.0,70.8,32.8,1018.8,200.66,0,Normal
2026-03-13 05:15:00,324.9,6.71,11.62,794.7,20.2,70.9,30.8,941.7,197.6,0,Normal
2026-03-13 05:30:00,288.2,5.89,11.38,726.2,19.8,72.1,32.5,1025.1,187.83,0,Normal
2026-03-13 05:45:00,327.2,6.97,12.27,794.2,21.0,72.1,33.1,1018.2,195.34,0,Normal
2026-03-13 06:00:00,299.2,6.69,20.75,322.3,19.5,63.6,30.8,957.0,159.31,1,flow_choke
2026-03-13 06:15:00,321.0,7.12,12.72,746.4,22.4,58.4,32.0,1019.6,184.25,0,Normal
2026-03-13 06:30:00,333.6,6.32,11.84,790.2,21.6,60.7,33.2,1018.4,202.86,0,Normal
2026-03-13 06:45:00,344.1,5.59,11.2,807.7,22.0,62.1,33.1,1025.6,208.24,0,Normal
2026-03-13 07:00:00,440.4,6.8,12.23,1064.9,24.5,56.0,33.6,1063.8,253.2,0,Normal
2026-03-13 07:15:00,436.9,6.8,12.88,1039.5,26.8,54.7,34.7,1044.8,252.16,0,Normal
2026-03-13 07:30:00,467.5,6.11,12.34,1140.3,26.6,58.7,34.8,1044.3,280.89,0,Normal
2026-03-13 07:45:00,404.4,6.36,12.06,947.3,23.4,56.0,34.0,1055.1,251.13,0,Normal
2026-03-13 08:00:00,451.8,7.66,20.47,1085.4,24.8,55.1,33.7,1060.8,279.6,1,sensor_drift
2026-03-13 08:15:00,432.1,6.59,12.11,1054.2,28.1,50.9,33.6,1018.0,266.27,0,Normal
2026-03-13 08:30:00,460.9,0.91,12.48,1054.5,25.7,51.9,35.0,1079.1,288.94,1,sensor_drift
2026-03-13 08:45:00,468.5,6.47,12.22,1177.4,27.3,48.1,34.4,1068.7,283.96,0,Normal
2026-03-13 09:00:00,534.8,5.97,11.95,1276.5,28.8,54.4,34.9,1038.6,315.29,0,Normal
2026-03-13 09:15:00,505.6,6.64,12.35,1162.7,26.9,54.1,33.4,1051.1,298.62,0,Normal
2026-03-13 09:30:00,553.0,6.61,12.65,1331.1,28.9,41.7,34.7,1078.4,334.4,0,Normal
2026-03-13 09:45:00,551.3,6.56,12.54,1323.9,27.1,44.7,33.7,1039.0,326.98,0,Normal
2026-03-13 10:00:00,602.8,6.66,12.42,1444.6,28.5,41.7,35.4,1099.9,370.71,0,Normal
2026-03-13 10:15:00,516.2,6.79,12.75,1263.7,30.1,44.5,34.8,1085.8,317.53,0,Normal
2026-03-13 10:30:00,591.7,6.65,12.85,1438.7,27.5,46.2,33.4,1039.3,360.22,0,Normal
2026-03-13 10:45:00,594.9,6.26,12.29,1435.1,30.7,40.3,35.8,1082.0,367.03,0,Normal
2026-03-13 11:00:00,546.8,6.87,13.05,1323.6,30.2,42.0,35.7,1072.6,321.0,0,Normal
2026-03-13 11:15:00,600.2,6.02,11.71,1437.8,31.2,41.4,35.5,1082.0,368.45,0,Normal
2026-03-13 11:30:00,586.2,5.98,12.07,1451.2,30.8,46.0,36.0,1102.5,366.8,0,Normal
2026-03-13 11:45:00,573.8,6.96,12.61,1340.0,32.5,45.3,36.0,1089.1,363.7,0,Normal
